/*
 * GraphicsBitmap.c
 *
 *  Created on: Sep 5, 2026
 *      Author: hp
 */

#include "GraphicsBitmap.h"

/*
 * Bitmap Format
 * -------------
 * Bitmaps are stored as 1-bit-per-pixel (1 BPP) monochrome images.
 *
 * - Each bit represents one pixel:
 *       1 = pixel ON
 *       0 = pixel OFF
 *
 * - Bitmap data is stored in ROW-MAJOR order:
 *       Rows are stored from top to bottom.
 *       Within each row, pixels are stored from left to right.
 *
 * - Pixels are stored MSB-FIRST within each byte:
 *       Bit 7 = leftmost pixel
 *       Bit 0 = rightmost pixel
 *
 * - Each row is padded to a whole number of bytes.
 *
 *   bytes_per_row = (width + 7) / 8
 *
 * Example: 8x2 bitmap
 *
 *   Pixels:       00111100
 *                 01000010
 *
 *   Data:         0x3C, 0x42
 *
 * Example: 10-pixel-wide row
 *
 *   Pixels:       0011110011
 *   Bytes:        00111100 11000000
 *                 ^^^^^^^^ ^^^^^^
 *                  8 bits   2 pixels + 6 padding bits
 *
 * Therefore:
 *
 *   bitmap_size = bytes_per_row * height
 *
 */

const uint8_t heart_bitmap_32[] =
	{
	    0x00, 0x00, 0x00, 0x00,
	    0x03, 0xC0, 0x1E, 0x00,
	    0x0F, 0xF0, 0x7F, 0x00,
	    0x1F, 0xF8, 0xFF, 0x80,
	    0x3F, 0xFC, 0xFF, 0xC0,
	    0x7F, 0xFE, 0xFF, 0xE0,
	    0xFF, 0xFF, 0xFF, 0xF0,
	    0xFF, 0xFF, 0xFF, 0xF0,

	    0xFF, 0xFF, 0xFF, 0xF0,
	    0xFF, 0xFF, 0xFF, 0xF0,
	    0x7F, 0xFF, 0xFF, 0xE0,
	    0x7F, 0xFF, 0xFF, 0xE0,
	    0x3F, 0xFF, 0xFF, 0xC0,
	    0x1F, 0xFF, 0xFF, 0x80,
	    0x0F, 0xFF, 0xFF, 0x00,
	    0x07, 0xFF, 0xFE, 0x00,

	    0x03, 0xFF, 0xFC, 0x00,
	    0x01, 0xFF, 0xF8, 0x00,
	    0x00, 0xFF, 0xF0, 0x00,
	    0x00, 0x7F, 0xE0, 0x00,
	    0x00, 0x3F, 0xC0, 0x00,
	    0x00, 0x1F, 0x80, 0x00,
	    0x00, 0x0F, 0x00, 0x00,
	    0x00, 0x06, 0x00, 0x00,

	    0x00, 0x00, 0x00, 0x00,
	    0x00, 0x00, 0x00, 0x00,
	    0x00, 0x00, 0x00, 0x00,
	    0x00, 0x00, 0x00, 0x00,
	    0x00, 0x00, 0x00, 0x00,
	    0x00, 0x00, 0x00, 0x00,
	    0x00, 0x00, 0x00, 0x00,
	    0x00, 0x00, 0x00, 0x00
	};
const uint8_t heart_bitmap_8[] =
{
    0x66,
    0xFF,
    0xFF,
    0xFF,
    0x7E,
    0x3C,
    0x18,
    0x00
};

const uint8_t cat_bitmap_32[128] = {
	  0x00, 0x00, 0x00, 0x00, 0x00, 0x80, 0x02, 0x00, 0x00, 0xC0, 0x03, 0x00, 0x01, 0x40, 0x06, 0x80,
	  0x02, 0x40, 0x04, 0x80, 0x04, 0x60, 0x04, 0x40, 0x04, 0x2F, 0xFC, 0x20, 0x08, 0x3F, 0xF8, 0x10,
	  0x1F, 0xFF, 0xFF, 0xF0, 0x01, 0xFF, 0xFF, 0x00, 0x03, 0xFF, 0xFF, 0x80, 0x03, 0xFF, 0xFF, 0xC0,
	  0x07, 0xFF, 0xFF, 0xE0, 0x07, 0xFF, 0xFF, 0xE0, 0x0F, 0xCF, 0xE3, 0xE0, 0x0F, 0x87, 0xC1, 0xF0,
	  0x0F, 0x87, 0xC1, 0xF0, 0x0F, 0x87, 0xC1, 0xF0, 0x0F, 0xCF, 0xE3, 0xF0, 0x0F, 0xFF, 0xFF, 0xF0,
	  0x0F, 0xFE, 0x7F, 0xE0, 0x0F, 0xFE, 0x7F, 0xE0, 0x07, 0xFF, 0xFF, 0xE0, 0x07, 0xF6, 0x6F, 0xC0,
	  0x03, 0xFF, 0xFF, 0xC0, 0x01, 0xFF, 0xFF, 0x80, 0x00, 0xFF, 0xFF, 0x00, 0x00, 0x7F, 0xFE, 0x00,
	  0x00, 0x3F, 0xF8, 0x00, 0x00, 0x07, 0xC0, 0x00, 0x00, 0x00, 0x00, 0x00, 0x00, 0x00, 0x00, 0x00,
	};
// 60x60 1bpp bitmap, horizontal byte layout, row-major, MSB = leftmost pixel
// 8 bytes per row (last byte of each row: unused low bits are 0)
const uint8_t cat_bitmap_60[480] = {
  0x00, 0x00, 0x00, 0x00, 0x00, 0x00, 0x00, 0x00, 0x00, 0x00, 0x00, 0x00, 0x00, 0x00, 0x00, 0x00,
  0x00, 0x00, 0x40, 0x00, 0x00, 0x20, 0x00, 0x00, 0x00, 0x00, 0xC0, 0x00, 0x00, 0x30, 0x00, 0x00,
  0x00, 0x00, 0xE0, 0x00, 0x00, 0x70, 0x00, 0x00, 0x00, 0x01, 0xE0, 0x00, 0x00, 0x78, 0x00, 0x00,
  0x00, 0x03, 0x60, 0x00, 0x00, 0x6C, 0x00, 0x00, 0x00, 0x06, 0x70, 0x00, 0x00, 0xE6, 0x00, 0x00,
  0x00, 0x0C, 0x30, 0x00, 0x00, 0xC3, 0x00, 0x00, 0x00, 0x18, 0x38, 0x00, 0x01, 0xC1, 0x80, 0x00,
  0x00, 0x30, 0x38, 0x00, 0x01, 0xC0, 0xC0, 0x00, 0x00, 0x20, 0x18, 0x7F, 0xE1, 0x80, 0x40, 0x00,
  0x00, 0x60, 0x1D, 0xFF, 0xFB, 0x80, 0x60, 0x00, 0x00, 0xC0, 0x1F, 0xFF, 0xFF, 0x80, 0x30, 0x00,
  0x00, 0x80, 0x0F, 0xFF, 0xFF, 0x00, 0x10, 0x00, 0x00, 0xFF, 0xEF, 0xFF, 0xFF, 0x7F, 0xF0, 0x00,
  0x01, 0xFF, 0xFF, 0xFF, 0xFF, 0xFF, 0xF8, 0x00, 0x03, 0xFF, 0xFF, 0xFF, 0xFF, 0xFF, 0xFC, 0x00,
  0x00, 0x03, 0xFF, 0xFF, 0xFF, 0xFC, 0x00, 0x00, 0x00, 0x07, 0xFF, 0xFF, 0xFF, 0xFE, 0x00, 0x00,
  0x00, 0x0F, 0xFF, 0xFF, 0xFF, 0xFF, 0x00, 0x00, 0x00, 0x1F, 0xFF, 0xFF, 0xFF, 0xFF, 0x80, 0x00,
  0x00, 0x1F, 0xFF, 0xFF, 0xFF, 0xFF, 0x80, 0x00, 0x00, 0x7F, 0xFF, 0xFF, 0xFF, 0xFF, 0xE0, 0x00,
  0x00, 0x7F, 0xFF, 0xFF, 0xFF, 0xFF, 0xE0, 0x00, 0x00, 0x7F, 0xFF, 0xFF, 0xFF, 0xFF, 0xE0, 0x00,
  0x00, 0xFF, 0xF1, 0xFF, 0xF8, 0xFF, 0xF0, 0x00, 0x00, 0xFF, 0xE1, 0xFF, 0xF8, 0x7F, 0xF0, 0x00,
  0x00, 0xFF, 0xC0, 0xFF, 0xF0, 0x3F, 0xF0, 0x00, 0x00, 0xFF, 0x80, 0x7F, 0xE0, 0x1F, 0xF0, 0x00,
  0x00, 0xFF, 0x80, 0x7F, 0xE0, 0x1F, 0xF0, 0x00, 0x00, 0xFF, 0x80, 0x7F, 0xE0, 0x1F, 0xF0, 0x00,
  0x00, 0xFF, 0x80, 0x7F, 0xE0, 0x1F, 0xF0, 0x00, 0x00, 0xFF, 0x80, 0x7F, 0xE0, 0x1F, 0xF0, 0x00,
  0x00, 0xFF, 0xC0, 0xFF, 0xF0, 0x3F, 0xF0, 0x00, 0x00, 0xFF, 0xE1, 0xFF, 0xF8, 0x7F, 0xF0, 0x00,
  0x00, 0xFF, 0xF1, 0xFF, 0xF8, 0xFF, 0xF0, 0x00, 0x00, 0xFF, 0xFF, 0xE0, 0x3F, 0xFF, 0xF0, 0x00,
  0x00, 0xFF, 0xFF, 0xF0, 0x7F, 0xFF, 0xF0, 0x00, 0x00, 0xFF, 0xFF, 0xF8, 0xFF, 0xFF, 0xF0, 0x00,
  0x00, 0xFF, 0xFF, 0xF8, 0xFF, 0xFF, 0xF0, 0x00, 0x00, 0x7F, 0xFF, 0xFD, 0xFB, 0xFF, 0xE0, 0x00,
  0x00, 0x7F, 0xFF, 0xFD, 0xFB, 0xFF, 0xE0, 0x00, 0x00, 0x00, 0x7E, 0xFA, 0xFF, 0xE0, 0x00, 0x00,
  0x00, 0x3F, 0xFE, 0x72, 0x77, 0xFF, 0xC0, 0x00, 0x00, 0x1F, 0xFF, 0x8F, 0x8F, 0xFF, 0x80, 0x00,
  0x00, 0x1F, 0xFF, 0xFF, 0xFF, 0xFF, 0x80, 0x00, 0x00, 0x00, 0x7F, 0xFF, 0xFF, 0xE0, 0x00, 0x00,
  0x00, 0x07, 0xFF, 0xFF, 0xFF, 0xFE, 0x00, 0x00, 0x00, 0x03, 0xFF, 0xFF, 0xFF, 0xFC, 0x00, 0x00,
  0x00, 0x01, 0xFF, 0xFF, 0xFF, 0xF8, 0x00, 0x00, 0x00, 0x00, 0xFF, 0xFF, 0xFF, 0xF0, 0x00, 0x00,
  0x00, 0x00, 0x1F, 0xFF, 0xFF, 0x80, 0x00, 0x00, 0x00, 0x00, 0x0F, 0xFF, 0xFF, 0x00, 0x00, 0x00,
  0x00, 0x00, 0x01, 0xFF, 0xF8, 0x00, 0x00, 0x00, 0x00, 0x00, 0x00, 0x7F, 0xE0, 0x00, 0x00, 0x00,
  0x00, 0x00, 0x00, 0x00, 0x00, 0x00, 0x00, 0x00, 0x00, 0x00, 0x00, 0x00, 0x00, 0x00, 0x00, 0x00,
  0x00, 0x00, 0x00, 0x00, 0x00, 0x00, 0x00, 0x00, 0x00, 0x00, 0x00, 0x00, 0x00, 0x00, 0x00, 0x00,
};

// 120x60 1bpp bitmap, horizontal byte layout, row-major, MSB = leftmost pixel
// 15 bytes per row, 900 bytes total
const uint8_t bee_bitmap_120x60[900] = {
    0x00, 0x00, 0x00, 0x00, 0x00, 0x00, 0x00, 0x00, 0x00, 0x00, 0x00, 0x00, 0x00, 0x00, 0x00, 0x00,
    0x00, 0x00, 0x00, 0x00, 0x00, 0x00, 0x00, 0x00, 0x00, 0x00, 0x00, 0x00, 0x00, 0x00, 0x00, 0x00,
    0x00, 0x00, 0x00, 0x00, 0x00, 0x00, 0x00, 0x00, 0x00, 0x00, 0x00, 0x00, 0x00, 0x00, 0x00, 0x00,
    0x00, 0x00, 0x00, 0x00, 0x00, 0x00, 0x00, 0x00, 0x00, 0x00, 0x00, 0x00, 0x00, 0x00, 0x00, 0x00,
    0x00, 0x00, 0x00, 0x00, 0x00, 0x00, 0x00, 0x00, 0x00, 0x00, 0x00, 0x00, 0x00, 0x00, 0x00, 0x00,
    0x00, 0x00, 0x00, 0x00, 0x01, 0xFF, 0xFC, 0x00, 0x00, 0x00, 0x00, 0x00, 0x00, 0x00, 0x00, 0x00,
    0x00, 0x00, 0x00, 0x3F, 0x00, 0x17, 0x00, 0x00, 0x00, 0x00, 0x00, 0x00, 0x00, 0x00, 0x00, 0x00,
    0x00, 0x01, 0xE0, 0x54, 0x81, 0x80, 0x00, 0x00, 0x00, 0x00, 0x00, 0x00, 0x00, 0x00, 0x00, 0x00,
    0x0F, 0x09, 0x00, 0x24, 0xC0, 0x00, 0x00, 0x00, 0x00, 0x00, 0x00, 0x00, 0x00, 0x00, 0x00, 0x78,
    0x40, 0x22, 0x80, 0xE0, 0x00, 0x00, 0x00, 0x00, 0x00, 0x00, 0x00, 0x00, 0x00, 0x01, 0xC2, 0x14,
    0x88, 0x12, 0x60, 0x00, 0x00, 0x00, 0x00, 0x00, 0x00, 0x00, 0x00, 0x00, 0x0F, 0x10, 0x80, 0x01,
    0x00, 0xE0, 0x00, 0x00, 0x00, 0x00, 0x00, 0x00, 0x00, 0x00, 0x00, 0x38, 0x44, 0x12, 0x50, 0x54,
    0xC0, 0x00, 0x00, 0x00, 0x00, 0x00, 0x00, 0x00, 0x00, 0x00, 0xE2, 0x01, 0x00, 0x04, 0x00, 0xC0,
    0x00, 0x00, 0x00, 0x00, 0x00, 0x00, 0x00, 0x00, 0x03, 0x88, 0x90, 0x55, 0x11, 0x55, 0xC0, 0x00,
    0x00, 0x00, 0x00, 0x00, 0x00, 0x00, 0x00, 0x06, 0x20, 0x05, 0x00, 0xDF, 0xFF, 0xFE, 0x00, 0x00,
    0x00, 0x00, 0x00, 0x00, 0x00, 0x00, 0x1C, 0x85, 0x20, 0x2F, 0xE9, 0x00, 0x0B, 0xE0, 0x00, 0x00,
    0x00, 0x00, 0x00, 0x00, 0x00, 0x30, 0x10, 0x0B, 0xFA, 0x00, 0x11, 0x00, 0x78, 0x00, 0x00, 0x00,
    0x00, 0x00, 0x00, 0x00, 0xE5, 0x40, 0xBE, 0x80, 0x12, 0x44, 0x51, 0x0C, 0x00, 0x00, 0x00, 0x00,
    0x00, 0x00, 0x01, 0x80, 0x05, 0xE8, 0x22, 0x40, 0x00, 0x04, 0x0E, 0x00, 0x00, 0x07, 0xFC, 0x00,
    0x00, 0x03, 0x52, 0x2F, 0x41, 0x08, 0x0A, 0x92, 0x90, 0x46, 0x00, 0x00, 0x04, 0x06, 0x00, 0x00,
    0x0E, 0x00, 0xB8, 0x04, 0x21, 0x20, 0x00, 0x02, 0x13, 0x00, 0x3F, 0xE0, 0x03, 0x80, 0x00, 0x0C,
    0x93, 0xE2, 0x50, 0x84, 0x04, 0x54, 0x90, 0x86, 0x00, 0x00, 0x38, 0x01, 0x80, 0x00, 0x18, 0x0F,
    0x08, 0x02, 0x10, 0x91, 0x00, 0x04, 0x2E, 0x00, 0x00, 0x0C, 0x00, 0xC0, 0x00, 0x32, 0x5C, 0x21,
    0x20, 0x42, 0x00, 0x24, 0xA1, 0x1C, 0x00, 0x00, 0x07, 0x5E, 0xE0, 0x00, 0x68, 0x70, 0x84, 0x09,
    0x08, 0x54, 0x80, 0x08, 0x30, 0x00, 0x00, 0x03, 0xF5, 0xFE, 0x00, 0x61, 0xC2, 0x10, 0x80, 0x21,
    0x00, 0x12, 0x81, 0x70, 0x00, 0x00, 0x3E, 0x02, 0x3B, 0xC0, 0xC7, 0x90, 0x42, 0x2A, 0x04, 0x12,
    0x40, 0x25, 0xC0, 0x00, 0x00, 0xF1, 0x50, 0x98, 0xF0, 0xD6, 0x04, 0x08, 0x00, 0x90, 0x80, 0x09,
    0x07, 0x00, 0x00, 0x01, 0xC4, 0x0A, 0x1E, 0x1C, 0xCC, 0xA1, 0x21, 0x48, 0x02, 0x25, 0x20, 0x3C,
    0x00, 0x00, 0x03, 0x12, 0xA1, 0x4C, 0x8F, 0xFC, 0x08, 0x04, 0x02, 0xA0, 0x00, 0x09, 0x70, 0x00,
    0x00, 0x07, 0xC0, 0x14, 0x21, 0x23, 0xF9, 0x22, 0x90, 0x48, 0x09, 0x29, 0x43, 0xC0, 0x00, 0x00,
    0x0D, 0x35, 0x54, 0x88, 0x49, 0xF8, 0x00, 0x02, 0x00, 0x80, 0x00, 0x1F, 0xC0, 0x00, 0x00, 0x1D,
    0xA0, 0xBB, 0x25, 0x12, 0xFD, 0x49, 0x20, 0x92, 0x2A, 0x92, 0xF8, 0x78, 0x00, 0x00, 0x1B, 0xF5,
    0x61, 0x80, 0x84, 0xFC, 0x00, 0x0A, 0x04, 0x00, 0x2F, 0xE2, 0x0F, 0x00, 0x00, 0x33, 0xF1, 0xF3,
    0xAA, 0x50, 0x7F, 0x25, 0x40, 0x50, 0x8A, 0xFF, 0xE9, 0x53, 0x80, 0x00, 0x31, 0xE9, 0xFF, 0x81,
    0x0A, 0xFF, 0xD0, 0x08, 0x02, 0x7F, 0xFF, 0xF0, 0x04, 0xE0, 0x00, 0x35, 0xE4, 0xFF, 0xAA, 0x40,
    0x7F, 0xFF, 0xF7, 0xFF, 0xFF, 0xFF, 0xF5, 0x51, 0xF0, 0x00, 0x30, 0x01, 0x7F, 0x00, 0x2A, 0x7F,
    0xFE, 0xBD, 0xA9, 0x7F, 0xFF, 0xF0, 0x08, 0x78, 0x00, 0x35, 0x2A, 0x7E, 0x55, 0x41, 0x7F, 0xFC,
    0x00, 0x04, 0x7F, 0xFF, 0xF5, 0x52, 0xFC, 0x00, 0x30, 0x80, 0x80, 0x82, 0x14, 0x7F, 0xFE, 0xA5,
    0x51, 0x7F, 0xFF, 0xF8, 0x84, 0x7E, 0x00, 0x3A, 0x2A, 0x14, 0x2B, 0x42, 0xFF, 0xFC, 0x10, 0x08,
    0xFF, 0xFF, 0xF2, 0x21, 0x7E, 0x00, 0x19, 0x44, 0xA2, 0x9E, 0x28, 0xFF, 0xFD, 0x45, 0x52, 0xFF,
    0xFF, 0xF4, 0x94, 0xFE, 0x00, 0x0C, 0x10, 0x08, 0xF9, 0x05, 0xFF, 0xFC, 0x20, 0x04, 0xFF, 0xFF,
    0xF0, 0x42, 0x7F, 0xC0, 0x0F, 0xEB, 0x6F, 0xB4, 0xA3, 0xFF, 0xF9, 0x15, 0x51, 0xFF, 0xFF, 0xF5,
    0x14, 0xFF, 0xF0, 0x03, 0xBD, 0xF5, 0xD0, 0x17, 0xFF, 0xF8, 0xA2, 0x25, 0xFF, 0xFF, 0xE0, 0xA1,
    0xFF, 0xD0, 0x01, 0xEB, 0x5E, 0x85, 0x5F, 0xFF, 0xF4, 0x08, 0x8B, 0xFF, 0xFF, 0xF5, 0x15, 0xFC,
    0x00, 0x00, 0xF6, 0xA0, 0x28, 0x7F, 0xFF, 0xF2, 0xA4, 0x43, 0xFF, 0xFF, 0xE4, 0xA5, 0xFC, 0x00,
    0x00, 0x3D, 0x15, 0x03, 0xFF, 0xFF, 0xE0, 0x42, 0x97, 0xFF, 0xFF, 0xD2, 0x53, 0xF0, 0x00, 0x00,
    0x07, 0xE9, 0x7F, 0xFF, 0xFF, 0xCA, 0x94, 0x4F, 0xFF, 0xFF, 0xCA, 0x97, 0xE0, 0x00, 0x00, 0x00,
    0x7F, 0xFF, 0xFF, 0xFF, 0xA4, 0x49, 0x2F, 0xFF, 0xFF, 0xAA, 0xAF, 0xC0, 0x00, 0x00, 0x00, 0x00,
    0x07, 0xFF, 0xFF, 0x2A, 0xA5, 0x5F, 0xFF, 0xFF, 0xA9, 0x5F, 0x00, 0x00, 0x00, 0x00, 0x00, 0x01,
    0xFF, 0xFE, 0x91, 0x2A, 0x7F, 0xFF, 0xFF, 0x55, 0x7C, 0x00, 0x00, 0x00, 0x00, 0x00, 0x00, 0x7F,
    0xF9, 0x4A, 0x95, 0x7F, 0xFF, 0xFE, 0xAA, 0xE0, 0x00, 0x00, 0x00, 0x00, 0x00, 0x00, 0x0F, 0xE4,
    0xAA, 0xA9, 0xFF, 0xFF, 0xFD, 0x57, 0x80, 0x00, 0x00, 0x00, 0x00, 0x00, 0x00, 0x01, 0x7B, 0x2A,
    0xAB, 0xFF, 0xFF, 0xFA, 0xFC, 0x00, 0x00, 0x00, 0x00, 0x00, 0x00, 0x00, 0x00, 0x1F, 0xF5, 0x5F,
    0xFF, 0xFF, 0xFF, 0x80, 0x00, 0x00, 0x00, 0x00, 0x00, 0x00, 0x00, 0x00, 0x00, 0x5F, 0xFF, 0xFF,
    0xFF, 0xD0, 0x00, 0x00, 0x00, 0x00, 0x00, 0x00, 0x00, 0x00, 0x00, 0x00, 0x00, 0x2A, 0xDA, 0xA0,
    0x00, 0x00, 0x00, 0x00, 0x00, 0x00, 0x00, 0x00, 0x00, 0x00, 0x00, 0x00, 0x00, 0x00, 0x00, 0x00,
    0x00, 0x00, 0x00, 0x00,
};

// 60x60 1bpp bitmap, horizontal byte layout, row-major, MSB = leftmost pixel
// 8 bytes per row, 480 bytes total
const uint8_t clock_bitmap_60x60[480] = {
    0x00, 0x00, 0x00, 0x00, 0x00, 0x00, 0x00, 0x00, 0x00, 0x00, 0x00, 0x00, 0x00, 0x00, 0x00, 0x00,
    0x00, 0x00, 0x00, 0x00, 0x00, 0x00, 0x00, 0x00, 0x00, 0x00, 0x00, 0x7F, 0xF0, 0x00, 0x00, 0x00,
    0x00, 0x00, 0x03, 0xFF, 0xFE, 0x00, 0x00, 0x00, 0x00, 0x00, 0x1F, 0xFF, 0xFF, 0xC0, 0x00, 0x00,
    0x00, 0x00, 0x7F, 0xC0, 0x1F, 0xF0, 0x00, 0x00, 0x00, 0x00, 0xFC, 0x00, 0x01, 0xF8, 0x00, 0x00,
    0x00, 0x03, 0xF0, 0x03, 0x00, 0x7E, 0x00, 0x00, 0x00, 0x07, 0xC0, 0x03, 0x00, 0x1F, 0x00, 0x00,
    0x00, 0x0F, 0x20, 0x03, 0x00, 0x47, 0x80, 0x00, 0x00, 0x1E, 0x10, 0x03, 0x00, 0x83, 0xC0, 0x00,
    0x00, 0x3C, 0x10, 0x03, 0x00, 0x81, 0xE0, 0x00, 0x00, 0x78, 0x00, 0x00, 0x00, 0x00, 0xF0, 0x00,
    0x00, 0xF0, 0x00, 0x00, 0x00, 0x00, 0x78, 0x00, 0x00, 0xE0, 0x00, 0x00, 0x00, 0x00, 0x38, 0x00,
    0x01, 0xC0, 0x00, 0x00, 0x00, 0x00, 0x1C, 0x00, 0x03, 0xC0, 0x00, 0x00, 0x00, 0x00, 0x1E, 0x00,
    0x03, 0xA0, 0x00, 0x00, 0x00, 0x00, 0x4E, 0x00, 0x07, 0x90, 0x00, 0x00, 0x00, 0x00, 0x8F, 0x00,
    0x07, 0x08, 0x00, 0x00, 0x00, 0x05, 0x07, 0x00, 0x07, 0x00, 0x00, 0x00, 0x00, 0x1E, 0x07, 0x00,
    0x0E, 0x00, 0x00, 0x00, 0x00, 0x38, 0x03, 0x80, 0x0E, 0x00, 0x10, 0x00, 0x00, 0xF0, 0x03, 0x80,
    0x0E, 0x00, 0x1C, 0x00, 0x01, 0xC0, 0x03, 0x80, 0x1E, 0x00, 0x1F, 0x00, 0x07, 0x80, 0x03, 0xC0,
    0x1C, 0x00, 0x07, 0x80, 0x1E, 0x00, 0x01, 0xC0, 0x1C, 0x00, 0x01, 0xE0, 0x38, 0x00, 0x01, 0xC0,
    0x1C, 0x00, 0x00, 0x7F, 0xF0, 0x00, 0x01, 0xC0, 0x1C, 0x00, 0x00, 0x3F, 0xC0, 0x00, 0xF9, 0xC0,
    0x1C, 0xF8, 0x00, 0x0F, 0x80, 0x00, 0xF9, 0xC0, 0x1C, 0xF8, 0x00, 0x0F, 0x80, 0x00, 0x01, 0xC0,
    0x1C, 0x00, 0x00, 0x07, 0x00, 0x00, 0x01, 0xC0, 0x1C, 0x00, 0x00, 0x00, 0x00, 0x00, 0x01, 0xC0,
    0x1C, 0x00, 0x00, 0x00, 0x00, 0x00, 0x01, 0xC0, 0x1E, 0x00, 0x00, 0x00, 0x00, 0x00, 0x03, 0xC0,
    0x0E, 0x00, 0x00, 0x00, 0x00, 0x00, 0x03, 0x80, 0x0E, 0x00, 0x00, 0x00, 0x00, 0x00, 0x03, 0x80,
    0x0E, 0x00, 0x00, 0x00, 0x00, 0x00, 0x03, 0x80, 0x07, 0x00, 0x00, 0x00, 0x00, 0x00, 0x07, 0x00,
    0x07, 0x18, 0x00, 0x00, 0x00, 0x01, 0x87, 0x00, 0x07, 0xA0, 0x00, 0x00, 0x00, 0x00, 0x4F, 0x00,
    0x03, 0x80, 0x00, 0x00, 0x00, 0x00, 0x0E, 0x00, 0x03, 0xC0, 0x00, 0x00, 0x00, 0x00, 0x1E, 0x00,
    0x01, 0xC0, 0x00, 0x00, 0x00, 0x00, 0x1C, 0x00, 0x00, 0xE0, 0x00, 0x00, 0x00, 0x00, 0x38, 0x00,
    0x00, 0xF0, 0x00, 0x00, 0x00, 0x00, 0x78, 0x00, 0x00, 0x78, 0x08, 0x00, 0x00, 0x80, 0xF0, 0x00,
    0x00, 0x3C, 0x10, 0x06, 0x00, 0x81, 0xE0, 0x00, 0x00, 0x1E, 0x20, 0x06, 0x00, 0x43, 0xC0, 0x00,
    0x00, 0x0F, 0x00, 0x06, 0x00, 0x07, 0x80, 0x00, 0x00, 0x07, 0xC0, 0x06, 0x00, 0x1F, 0x00, 0x00,
    0x00, 0x03, 0xF0, 0x06, 0x00, 0x7E, 0x00, 0x00, 0x00, 0x00, 0xFC, 0x00, 0x01, 0xF8, 0x00, 0x00,
    0x00, 0x00, 0x7F, 0xC0, 0x1F, 0xF0, 0x00, 0x00, 0x00, 0x00, 0x1F, 0xFF, 0xFF, 0xC0, 0x00, 0x00,
    0x00, 0x00, 0x03, 0xFF, 0xFE, 0x00, 0x00, 0x00, 0x00, 0x00, 0x00, 0x7F, 0xF0, 0x00, 0x00, 0x00,
    0x00, 0x00, 0x00, 0x00, 0x00, 0x00, 0x00, 0x00, 0x00, 0x00, 0x00, 0x00, 0x00, 0x00, 0x00, 0x00,
};

// 30x30 1bpp bitmap, horizontal byte layout, row-major, MSB = leftmost pixel
// 4 bytes per row, 120 bytes total
const uint8_t clock_bitmap_30x30[120] = {
    0x00, 0x00, 0x00, 0x00, 0x00, 0x0F, 0xC0, 0x00, 0x00, 0x7F, 0xF8, 0x00, 0x00, 0xE0, 0x1C, 0x00,
    0x03, 0x81, 0x07, 0x00, 0x06, 0x41, 0x01, 0x80, 0x0C, 0x00, 0x00, 0xC0, 0x08, 0x00, 0x00, 0x40,
    0x18, 0x00, 0x00, 0x60, 0x34, 0x00, 0x00, 0x30, 0x30, 0x00, 0x06, 0x30, 0x20, 0x40, 0x0C, 0x10,
    0x60, 0x70, 0x30, 0x18, 0x60, 0x18, 0x40, 0x18, 0x60, 0x07, 0x80, 0xD8, 0x6C, 0x03, 0x00, 0x18,
    0x60, 0x00, 0x00, 0x18, 0x60, 0x00, 0x00, 0x18, 0x20, 0x00, 0x00, 0x10, 0x30, 0x00, 0x00, 0x30,
    0x30, 0x00, 0x00, 0xB0, 0x18, 0x00, 0x00, 0x60, 0x08, 0x00, 0x00, 0x40, 0x0C, 0x00, 0x00, 0xC0,
    0x06, 0x02, 0x09, 0x80, 0x03, 0x82, 0x07, 0x00, 0x00, 0xE0, 0x1C, 0x00, 0x00, 0x7F, 0xF8, 0x00,
    0x00, 0x0F, 0xC0, 0x00, 0x00, 0x00, 0x00, 0x00,
};
// 64x64 1bpp bitmap, horizontal byte layout, row-major, MSB = leftmost pixel
// 8 bytes per row, 512 bytes total
const uint8_t portrait_bitmap_64x64[512] = {
    0x3F, 0xFF, 0xFF, 0xFF, 0x6F, 0xFF, 0xFE, 0xFE, 0x3D, 0xFD, 0xFF, 0xAB, 0xFA, 0xB6, 0xD7, 0x2B,
    0x3B, 0xF7, 0xB5, 0xFF, 0xBF, 0xDB, 0xBD, 0xBD, 0x7F, 0xFD, 0xDF, 0xFE, 0xFD, 0xEC, 0xF7, 0x9F,
    0x7F, 0xF6, 0xFF, 0x7B, 0xFF, 0xBF, 0x1D, 0xD6, 0x37, 0x5F, 0xFF, 0xFF, 0xED, 0xF5, 0xD5, 0xCF,
    0x3D, 0xFB, 0xFF, 0xD5, 0x55, 0x17, 0x6C, 0xB6, 0x3F, 0xFF, 0xEA, 0x7B, 0xFF, 0xE9, 0xF6, 0xAF,
    0x3F, 0xFE, 0xAD, 0xDF, 0xFF, 0x54, 0x1A, 0x9B, 0x3F, 0x41, 0x6B, 0x7E, 0xFB, 0xF5, 0xAF, 0x4D,
    0x18, 0xBA, 0xB7, 0xFF, 0xFF, 0xEA, 0x47, 0xD4, 0x3B, 0xE9, 0x5A, 0xFF, 0xFF, 0xF5, 0x23, 0x6A,
    0x0C, 0xD5, 0x6F, 0x7F, 0xFF, 0xD5, 0x9D, 0xCA, 0x1E, 0xEA, 0xB5, 0xFD, 0xFF, 0xF6, 0xA4, 0xEA,
    0x42, 0xB5, 0x5D, 0xFF, 0xFF, 0xDA, 0x8B, 0x55, 0x06, 0xE9, 0x77, 0x7F, 0xFD, 0x56, 0xAF, 0x75,
    0x03, 0x5A, 0xFF, 0xEF, 0xF7, 0xEF, 0xA2, 0xD6, 0x21, 0x76, 0xBD, 0xFB, 0xBA, 0x5A, 0xD5, 0xAA,
    0x0D, 0x3B, 0xEA, 0x96, 0xD5, 0x24, 0xAB, 0x65, 0x17, 0x6A, 0xA4, 0x01, 0xB0, 0x00, 0xAA, 0x95,
    0x45, 0xBB, 0x20, 0x02, 0xC8, 0x00, 0x17, 0xA2, 0x16, 0xAD, 0x40, 0x02, 0xD0, 0x00, 0x2A, 0xA6,
    0x2B, 0x7B, 0x00, 0x09, 0xE8, 0x00, 0x15, 0x52, 0x2F, 0xB6, 0x88, 0x03, 0xB0, 0x4A, 0x2B, 0x16,
    0x1A, 0x1F, 0x5A, 0xA9, 0xF1, 0x25, 0x2D, 0x25, 0x4E, 0x95, 0xAA, 0x0B, 0xF4, 0x10, 0xAA, 0x16,
    0x1A, 0x3F, 0xE8, 0x05, 0xF8, 0x02, 0x56, 0xAB, 0x0E, 0xB5, 0x6D, 0x57, 0xF5, 0x55, 0xAA, 0x2D,
    0x45, 0x7F, 0xFB, 0x6D, 0xFA, 0x95, 0xDA, 0x4E, 0x07, 0x2B, 0x6E, 0xF7, 0xF5, 0x6B, 0x6A, 0xAB,
    0x05, 0x9D, 0xFF, 0xFF, 0xFB, 0xB7, 0xB5, 0x6A, 0x02, 0xD7, 0xFB, 0xEB, 0xF4, 0xBE, 0xD5, 0x55,
    0x43, 0xFA, 0xFF, 0xFD, 0xFA, 0xEF, 0xEA, 0xA7, 0x11, 0xDF, 0xDF, 0xEF, 0xF6, 0x7F, 0x72, 0xD5,
    0x80, 0xEA, 0xBF, 0xDB, 0xFB, 0x1F, 0xD6, 0xB5, 0x52, 0x3D, 0x7F, 0xDF, 0xFB, 0x9F, 0x55, 0x77,
    0x00, 0x0B, 0xB7, 0x37, 0xFE, 0x8B, 0xAD, 0xDA, 0xA8, 0x0D, 0xFF, 0xBD, 0xF5, 0x46, 0xD6, 0xFF,
    0x40, 0x06, 0xAE, 0x76, 0xA8, 0xC7, 0x5B, 0x75, 0x54, 0x4B, 0xDE, 0xDA, 0xA9, 0x71, 0xAD, 0xFF,
    0xA0, 0x05, 0x7D, 0x7E, 0x06, 0xA5, 0x5A, 0xDF, 0x49, 0x03, 0xFD, 0xF7, 0xBF, 0xD9, 0x55, 0xFF,
    0xA0, 0x0A, 0xD9, 0x7F, 0xDF, 0x71, 0x5A, 0xDE, 0x54, 0x01, 0xAA, 0xFF, 0xFF, 0xFD, 0x61, 0x77,
    0xA0, 0x01, 0x7B, 0xFF, 0x5D, 0x95, 0x30, 0xBF, 0xA8, 0x28, 0xDD, 0x01, 0x40, 0x55, 0x40, 0x17,
    0x50, 0x00, 0x6E, 0xFA, 0x5D, 0xAA, 0xE0, 0x1D, 0xA4, 0x02, 0x57, 0xBF, 0xF5, 0x75, 0x50, 0x07,
    0xA0, 0x08, 0x3A, 0xF5, 0x6D, 0x55, 0x40, 0x03, 0xA8, 0x00, 0x1B, 0x5E, 0xA9, 0x5B, 0xA0, 0x03,
    0xA0, 0x08, 0x2D, 0xEB, 0xA5, 0x5D, 0x50, 0x01, 0xA0, 0x02, 0x96, 0xB6, 0xA9, 0x6E, 0xA0, 0x02,
    0x50, 0x28, 0x0F, 0xDF, 0x6F, 0xF5, 0x68, 0x00, 0xA4, 0x02, 0x0A, 0xFF, 0xFF, 0x52, 0xA0, 0x02,
    0xA0, 0x24, 0x0D, 0x5F, 0xDD, 0xEA, 0xA0, 0x00, 0xA8, 0x00, 0x15, 0xB6, 0xFF, 0x55, 0x40, 0x01,
    0xA0, 0x28, 0x26, 0x5B, 0xA9, 0x45, 0x40, 0x00, 0x90, 0x04, 0x15, 0xAD, 0x55, 0x15, 0x00, 0x04,
    0xA0, 0x10, 0x13, 0x52, 0x88, 0x26, 0x80, 0x01, 0xA8, 0x28, 0x1B, 0xA4, 0x52, 0x94, 0x00, 0x00,
    0xA0, 0x90, 0x0C, 0xDA, 0xC5, 0x50, 0x00, 0x04, 0xA4, 0x50, 0x06, 0xEA, 0xB2, 0x80, 0x00, 0x01,
    0xA9, 0x44, 0x01, 0x3D, 0xA9, 0x00, 0x00, 0x04, 0xA0, 0x50, 0x00, 0x02, 0x90, 0x00, 0x00, 0x00,
};

// 120x60 1bpp bitmap, horizontal byte layout, row-major, MSB = leftmost pixel
// 15 bytes per row, 900 bytes total
const uint8_t portrait2_bitmap_120x60[900] = {
    0x00, 0x0A, 0x97, 0xFA, 0xD2, 0x00, 0x0F, 0xFF, 0xFF, 0xF0, 0x10, 0xB7, 0xFF, 0xF5, 0x40, 0x00,
    0x25, 0x5F, 0xB9, 0xD9, 0x52, 0x2D, 0xFF, 0xFF, 0xD5, 0x4B, 0x5A, 0xFF, 0xF9, 0x50, 0x00, 0x16,
    0xBF, 0xEF, 0x6E, 0xA8, 0x97, 0xFF, 0xFB, 0x72, 0xB5, 0x6B, 0x7F, 0xFB, 0x40, 0x00, 0x12, 0x76,
    0x75, 0xB5, 0x54, 0x1D, 0xAF, 0xFB, 0xED, 0x55, 0x5D, 0xAF, 0xFC, 0xA0, 0x80, 0x25, 0x5F, 0xAD,
    0x55, 0x2B, 0x56, 0xFF, 0xDF, 0xF6, 0xAA, 0xA5, 0x5B, 0xFD, 0x40, 0x00, 0x14, 0xF5, 0x52, 0x54,
    0xA4, 0xB7, 0x77, 0x7D, 0xBA, 0xD2, 0x55, 0x26, 0x5D, 0x50, 0x80, 0x14, 0xDD, 0x04, 0x02, 0x95,
    0x55, 0xBF, 0xFF, 0xEB, 0x24, 0x00, 0x91, 0xF5, 0x40, 0x00, 0x25, 0x75, 0x50, 0x00, 0x25, 0x2A,
    0xFF, 0xF7, 0x55, 0x41, 0x10, 0x04, 0x5A, 0xA0, 0x80, 0x13, 0xD4, 0x00, 0x00, 0x12, 0xAB, 0x57,
    0xFF, 0xED, 0x28, 0x4B, 0x01, 0x5D, 0x40, 0x00, 0x0D, 0x6A, 0x82, 0xB4, 0x09, 0x45, 0xFE, 0xFE,
    0xB2, 0x81, 0x35, 0xF5, 0x56, 0xA0, 0x40, 0x25, 0xAA, 0x95, 0x4A, 0x82, 0x54, 0xAF, 0xFB, 0xCA,
    0x45, 0x05, 0x2A, 0xFB, 0x40, 0x00, 0x15, 0x55, 0x34, 0x81, 0x41, 0x25, 0x7F, 0xFF, 0x54, 0x80,
    0x40, 0xAD, 0x5D, 0x50, 0x40, 0x0B, 0xBA, 0xA4, 0x12, 0x20, 0x4A, 0xB7, 0xFE, 0xA8, 0x15, 0x08,
    0x0A, 0xEB, 0xA0, 0x00, 0x2A, 0xD5, 0x10, 0x00, 0x19, 0x22, 0xDF, 0xFB, 0x45, 0x20, 0x00, 0x01,
    0xBE, 0x80, 0x40, 0x15, 0x6A, 0x00, 0x00, 0x00, 0x1A, 0xBB, 0xFE, 0xA8, 0x00, 0x00, 0x01, 0x2B,
    0x60, 0x00, 0x0B, 0x50, 0x41, 0x00, 0x04, 0x45, 0x5F, 0xFD, 0x40, 0x80, 0xBB, 0xC0, 0x1F, 0x90,
    0x00, 0x2A, 0xC0, 0x06, 0x3E, 0x00, 0x29, 0x5F, 0xFF, 0x5A, 0x00, 0x04, 0xF0, 0x2E, 0xC0, 0x40,
    0x0B, 0x74, 0x1E, 0x00, 0x21, 0x0A, 0xAF, 0xF5, 0xA0, 0x18, 0x01, 0xF4, 0x5F, 0x50, 0x00, 0x2B,
    0xA8, 0x1E, 0x00, 0x38, 0x54, 0x7F, 0xFE, 0xD8, 0x38, 0x11, 0xE2, 0xBF, 0x40, 0x00, 0x0A, 0xD2,
    0x2F, 0x00, 0x30, 0x56, 0xB7, 0xFE, 0xF4, 0x78, 0x01, 0xE8, 0xDF, 0x50, 0x00, 0x2B, 0x6D, 0x07,
    0x00, 0x7C, 0x35, 0x5F, 0xFB, 0xF9, 0x7E, 0x03, 0x92, 0xFF, 0x50, 0x00, 0x0B, 0x74, 0x9B, 0x80,
    0xBA, 0x2D, 0xBF, 0xFF, 0xFC, 0x8C, 0x07, 0x41, 0xFF, 0xA0, 0x00, 0x2B, 0xBD, 0x05, 0xA1, 0x62,
    0xBE, 0xFF, 0xFF, 0xFA, 0x2B, 0xBD, 0x15, 0xF6, 0xD0, 0x10, 0x15, 0xED, 0x41, 0x56, 0x95, 0x55,
    0xBF, 0xFF, 0xFD, 0xA4, 0x50, 0x0B, 0xBF, 0xA0, 0x00, 0x13, 0x7A, 0x80, 0x2A, 0xAA, 0xBE, 0xEF,
    0xFE, 0xFD, 0x10, 0x01, 0x55, 0xFF, 0xA0, 0x40, 0x2A, 0xDB, 0x54, 0x00, 0x25, 0x57, 0x3F, 0xFF,
    0xFD, 0x45, 0x4A, 0x5F, 0xFE, 0xD0, 0x00, 0x0B, 0x7D, 0xA2, 0x48, 0x82, 0xFA, 0xFF, 0xFF, 0xFE,
    0xB0, 0x22, 0xAF, 0xFF, 0x50, 0x00, 0x2D, 0xAF, 0x54, 0x11, 0x2A, 0xAE, 0xFF, 0xFE, 0xEF, 0xAA,
    0x89, 0x7F, 0xFF, 0xA0, 0x00, 0x15, 0xFB, 0xF2, 0xA4, 0x45, 0xBA, 0x7F, 0xFF, 0xFF, 0xFE, 0xED,
    0xFF, 0xFD, 0xD0, 0x00, 0x2A, 0xBE, 0xBD, 0x52, 0xBA, 0xEF, 0xBE, 0xFF, 0x7F, 0xA5, 0xBF, 0x7F,
    0x6F, 0x50, 0x00, 0x0A, 0xF7, 0xF6, 0xBA, 0xD7, 0xB5, 0xFF, 0xFF, 0xBF, 0xFF, 0xF7, 0xFF, 0xFD,
    0xA0, 0x00, 0x25, 0xFE, 0xF5, 0xD5, 0x7D, 0xFF, 0x5F, 0xFF, 0xFF, 0xFA, 0xDF, 0xFF, 0xFF, 0xD0,
    0x00, 0x15, 0xBB, 0xDB, 0x6D, 0xAE, 0xBD, 0xFB, 0xFF, 0xFF, 0xEF, 0x7F, 0xFF, 0xFD, 0x60, 0x00,
    0x14, 0xEF, 0x7F, 0xDB, 0xBB, 0xEF, 0xFF, 0xFB, 0xFF, 0xFF, 0xAF, 0x7F, 0xFF, 0xA0, 0x00, 0x16,
    0xBF, 0xEF, 0xEE, 0xFF, 0xBF, 0xBF, 0xFF, 0xFF, 0xFF, 0xFF, 0xFF, 0xFF, 0xC2, 0x00, 0x0B, 0x7F,
    0xFD, 0xBB, 0xED, 0xFF, 0xFF, 0xEF, 0xFF, 0xFF, 0x7F, 0xFF, 0xFD, 0x60, 0x00, 0x15, 0xDE, 0xFF,
    0xFF, 0xBF, 0xBE, 0xFE, 0xFF, 0xFF, 0xFD, 0xFD, 0xFF, 0xFF, 0xA0, 0x00, 0x16, 0xFB, 0x9F, 0xDE,
    0xFE, 0xFF, 0xBF, 0xFF, 0xFF, 0xFF, 0xFF, 0xBF, 0xF6, 0xC0, 0x00, 0x0A, 0xEF, 0x7D, 0xF7, 0xFF,
    0xFE, 0xFB, 0xFF, 0xFF, 0xFF, 0xFF, 0xFF, 0xFF, 0x44, 0x00, 0x15, 0x7F, 0xEB, 0xFF, 0xFB, 0xF7,
    0x7F, 0xBF, 0xFF, 0xFF, 0xFF, 0xF7, 0xFD, 0xC0, 0x00, 0x0B, 0xAA, 0xFF, 0xDB, 0x6F, 0xFE, 0xDF,
    0xFF, 0xFF, 0xFF, 0xFF, 0xFF, 0xFF, 0xA9, 0x00, 0x8D, 0x5F, 0xEF, 0x7F, 0xFF, 0xBB, 0xFF, 0xFF,
    0xFF, 0xFF, 0xFB, 0xFF, 0xEE, 0xDC, 0x00, 0x05, 0x7B, 0x7F, 0xF7, 0xFD, 0xEF, 0x6F, 0xFF, 0xFF,
    0xFF, 0xFF, 0xFF, 0xFF, 0x48, 0x00, 0x0A, 0xDF, 0xBF, 0xBF, 0xF5, 0x7B, 0xFF, 0xFF, 0xFD, 0xFD,
    0xFF, 0xFF, 0xFD, 0x9A, 0x00, 0x0D, 0x6A, 0xFF, 0xFD, 0xDF, 0xAD, 0x7F, 0xFF, 0xFE, 0xBF, 0xFF,
    0xFF, 0xFF, 0x40, 0x00, 0x05, 0xBF, 0xF5, 0xF7, 0x7A, 0xDB, 0xFF, 0xFF, 0xEF, 0xFF, 0xFF, 0xFF,
    0xFB, 0x94, 0x00, 0x0A, 0xD5, 0x7F, 0xDB, 0xFD, 0x57, 0xFF, 0xFF, 0xF5, 0x55, 0xDF, 0x7F, 0xEE,
    0x84, 0x00, 0x05, 0xAF, 0xD6, 0xFF, 0x6A, 0xBB, 0xFF, 0xFF, 0xFF, 0x7B, 0xFF, 0xFF, 0xFF, 0x10,
    0x00, 0x06, 0xEA, 0xBF, 0x7D, 0xDA, 0x5D, 0xFF, 0xFF, 0xEF, 0xAF, 0xBF, 0xFE, 0xFA, 0x80, 0x00,
    0x02, 0xBD, 0xD5, 0xAF, 0x76, 0xB7, 0xF7, 0xFF, 0xFE, 0xD5, 0x7D, 0xFF, 0xEF, 0x00, 0x00, 0x0B,
    0x4C, 0xAF, 0xFD, 0xDA, 0xFF, 0xBF, 0xFF, 0xFF, 0xFB, 0xAF, 0xDB, 0xBA, 0x80, 0x00, 0x02, 0xB6,
    0xB1, 0x5F, 0xB4, 0x7D, 0xD6, 0xFF, 0xFF, 0x56, 0xFB, 0xFE, 0xFD, 0x00, 0x00, 0x05, 0x6A, 0xEF,
    0xF6, 0xEE, 0xFE, 0xAE, 0xBF, 0xDF, 0xEB, 0x5F, 0xBF, 0xD5, 0x00, 0x00, 0x02, 0xDD, 0xBB, 0x5B,
    0x59, 0x3A, 0xAA, 0xE8, 0xBF, 0xFD, 0xEB, 0xDD, 0xAD, 0x00, 0x00, 0x05, 0x6B, 0x6F, 0x6D, 0xED,
    0x6D, 0x2B, 0x57, 0x7F, 0xF6, 0xBE, 0xB7, 0xF5, 0x00, 0x00, 0x02, 0xB5, 0xAB, 0xF7, 0xBE, 0xA8,
    0xA1, 0x5A, 0x17, 0x7F, 0xDF, 0x7F, 0xDD, 0x00, 0x00, 0x04, 0xD6, 0xBE, 0xBD, 0xFB, 0x50, 0x09,
    0x48, 0x0F, 0xFD, 0x77, 0x7D, 0x75, 0x00, 0x00, 0x02, 0xAB, 0xD7, 0xD7, 0x6D, 0x20, 0x04, 0x2A,
    0x05, 0xFE, 0xBD, 0xDF, 0xEA, 0x00, 0x00, 0x02, 0xB5, 0x7A, 0xFF, 0xDF, 0xC9, 0x29, 0x2D, 0xD7,
    0xFF, 0xF7, 0x77, 0xAA, 0x80, 0x00, 0x04, 0xD7, 0x57, 0x55, 0xFE, 0xA4, 0x94, 0xBF, 0x6B, 0xFF,
    0xBA, 0xFE, 0xB5, 0x00,
};
// 100x60 1bpp bitmap, horizontal byte layout, row-major, MSB = leftmost pixel
// 13 bytes per row, 780 bytes total
const uint8_t portrait3_bitmap_100x60[780] = {
    0x00, 0x00, 0x00, 0x00, 0x00, 0x00, 0xB7, 0xFF, 0xED, 0x40, 0x00, 0x02, 0x00, 0x00, 0x00, 0x00,
    0x0A, 0x80, 0x00, 0x15, 0x55, 0x52, 0x00, 0x02, 0x05, 0x00, 0x00, 0x00, 0x00, 0x40, 0x54, 0x00,
    0x0B, 0xFF, 0xD0, 0x00, 0x15, 0x54, 0x00, 0x00, 0x00, 0x09, 0x12, 0x01, 0x00, 0x05, 0x55, 0xA4,
    0x11, 0x50, 0x0A, 0x00, 0x00, 0x00, 0x00, 0x00, 0x00, 0x08, 0x12, 0xFF, 0xD1, 0x44, 0x04, 0xAC,
    0x00, 0x00, 0x00, 0x00, 0x40, 0x00, 0x02, 0x8A, 0xAE, 0xD5, 0x00, 0x00, 0x0A, 0x00, 0x00, 0x00,
    0x12, 0x00, 0x04, 0x90, 0x42, 0xFB, 0xEA, 0x20, 0x00, 0x2C, 0x00, 0x00, 0x00, 0x00, 0x00, 0x49,
    0xA4, 0x92, 0xAF, 0xE8, 0x8B, 0x61, 0x14, 0x00, 0x00, 0x00, 0x08, 0x00, 0x85, 0x39, 0x04, 0xFF,
    0xD4, 0x12, 0xB8, 0x28, 0x00, 0x00, 0x00, 0x22, 0x02, 0x22, 0x78, 0x02, 0x5F, 0xE2, 0xCC, 0x7A,
    0x5C, 0x20, 0x00, 0x00, 0x00, 0x90, 0x91, 0xFE, 0xA9, 0x7F, 0xBA, 0xA1, 0xF2, 0xB4, 0x00, 0x00,
    0x00, 0x12, 0x00, 0x2A, 0xE0, 0x40, 0xDF, 0xF2, 0x55, 0xC9, 0x68, 0x00, 0x00, 0x01, 0x00, 0x40,
    0x05, 0x5F, 0x44, 0x7F, 0xFA, 0x95, 0x55, 0xB9, 0x20, 0x00, 0x08, 0x25, 0x10, 0x92, 0xA8, 0xA2,
    0xAF, 0xEA, 0x52, 0xAA, 0xA4, 0x00, 0x00, 0x00, 0x00, 0x04, 0x0A, 0xA2, 0x48, 0x3F, 0xF4, 0x4A,
    0xA5, 0x50, 0x10, 0x00, 0x01, 0x12, 0xAA, 0xA2, 0x41, 0x00, 0x9F, 0xFB, 0x2A, 0xAD, 0x68, 0x00,
    0x00, 0x00, 0x00, 0x11, 0x29, 0x2A, 0x52, 0x5F, 0xF6, 0xD5, 0x75, 0xA0, 0x40, 0x00, 0x00, 0x45,
    0x4A, 0xAA, 0xA9, 0x00, 0x2F, 0xFD, 0xFF, 0xBA, 0xA4, 0x00, 0x00, 0x00, 0x00, 0x25, 0x56, 0xA4,
    0x94, 0x9F, 0xFF, 0x6D, 0xED, 0x50, 0x20, 0x00, 0x00, 0x4A, 0x95, 0xB5, 0xAA, 0x20, 0x2F, 0xDF,
    0xDF, 0xBA, 0x88, 0x00, 0x00, 0x00, 0x00, 0x15, 0x5A, 0xAD, 0x04, 0x5F, 0x7F, 0xBF, 0xEE, 0x50,
    0x00, 0x00, 0x00, 0x51, 0x4B, 0xD5, 0x54, 0x50, 0x2F, 0xFF, 0xF6, 0xFB, 0x22, 0x00, 0x00, 0x00,
    0x04, 0x25, 0x55, 0x6A, 0x01, 0x5F, 0xFF, 0xFF, 0xDD, 0x48, 0x20, 0x00, 0x00, 0xA0, 0x16, 0xEA,
    0xB4, 0xA4, 0x2F, 0xFF, 0xB5, 0xF5, 0x10, 0x00, 0x00, 0x00, 0x02, 0x43, 0x57, 0x54, 0x00, 0x5F,
    0xFF, 0xFF, 0x5A, 0xC0, 0x20, 0x00, 0x00, 0x50, 0x29, 0x6A, 0xD5, 0x48, 0x2F, 0xFF, 0xFD, 0xF6,
    0x22, 0x00, 0x20, 0x00, 0x41, 0x05, 0xB5, 0x5A, 0x01, 0x57, 0xFF, 0xF7, 0xAA, 0x80, 0x00, 0x02,
    0x00, 0x24, 0x29, 0x5B, 0x69, 0x20, 0x1F, 0xFF, 0xFE, 0xF5, 0x62, 0x40, 0x00, 0x00, 0x90, 0x84,
    0xAA, 0xAC, 0x84, 0x4B, 0x7F, 0xB7, 0x9A, 0x88, 0x00, 0x08, 0x40, 0x40, 0x12, 0x55, 0x52, 0x00,
    0x2F, 0xFF, 0xFA, 0xEA, 0xA0, 0x00, 0x01, 0x00, 0x54, 0x41, 0x56, 0xA9, 0x01, 0x2A, 0xFF, 0xEF,
    0x55, 0x00, 0x80, 0x00, 0x04, 0x41, 0x0A, 0x4A, 0xD4, 0x10, 0x5F, 0xFA, 0xFD, 0xBA, 0xA0, 0x00,
    0x24, 0x00, 0x54, 0x01, 0x2A, 0xAA, 0x85, 0x6F, 0xFF, 0xAE, 0xD5, 0x40, 0x20, 0x00, 0x20, 0x40,
    0x54, 0xAA, 0xA9, 0x00, 0x3F, 0xFF, 0xFB, 0xEA, 0x80, 0x00, 0x10, 0x82, 0x2A, 0x00, 0x15, 0x54,
    0x55, 0x2F, 0xFE, 0xFE, 0xB6, 0x00, 0x80, 0x00, 0x00, 0x20, 0x92, 0xA5, 0x5B, 0x00, 0x5F, 0x7F,
    0xDB, 0xAA, 0x80, 0x10, 0x02, 0x00, 0x14, 0x00, 0x52, 0xD5, 0x50, 0x2B, 0xFF, 0xFE, 0xFA, 0x01,
    0x00, 0x48, 0x20, 0x41, 0x25, 0x15, 0x6D, 0x4A, 0x9F, 0xFF, 0xF7, 0xAD, 0x00, 0x50, 0x00, 0x04,
    0x28, 0x00, 0xAA, 0xB5, 0x20, 0x6F, 0xFF, 0xFD, 0xD4, 0x09, 0x00, 0x10, 0x00, 0x04, 0x95, 0x25,
    0x56, 0x92, 0xB7, 0xFF, 0xFF, 0x7A, 0x02, 0x30, 0x40, 0x90, 0x20, 0x20, 0x55, 0x6A, 0xA5, 0xEF,
    0xFF, 0xF7, 0xD4, 0x29, 0x20, 0x00, 0x00, 0x15, 0x05, 0x09, 0x55, 0x11, 0x77, 0xFF, 0xFD, 0x68,
    0x05, 0x30, 0x12, 0x00, 0x00, 0x40, 0xA5, 0x54, 0x85, 0xEB, 0xFF, 0xFF, 0xB0, 0xA9, 0x20, 0x40,
    0x11, 0x14, 0x14, 0x29, 0x2A, 0x50, 0xAB, 0x7F, 0xFE, 0xD2, 0x45, 0x60, 0x00, 0x00, 0x01, 0x41,
    0x44, 0x84, 0x06, 0xDF, 0xFF, 0xEF, 0xD1, 0x2A, 0x20, 0x20, 0x20, 0x04, 0x04, 0x12, 0x51, 0x51,
    0x2A, 0xDF, 0xFD, 0x44, 0xD5, 0x40, 0x01, 0x00, 0x02, 0x50, 0x89, 0x24, 0x04, 0x95, 0xA6, 0xFF,
    0xA9, 0x59, 0xA0, 0x50, 0x08, 0x88, 0x02, 0x52, 0x80, 0x20, 0x4A, 0xAB, 0x5D, 0xC5, 0x5B, 0x40,
    0x00, 0x40, 0x01, 0x48, 0x08, 0xA1, 0x02, 0x80, 0x00, 0x7F, 0x25, 0xB3, 0x20, 0x22, 0x00, 0x00,
    0x02, 0xA5, 0x00, 0x01, 0x14, 0x2D, 0xDB, 0x96, 0xBB, 0x80, 0x00, 0x01, 0x09, 0x50, 0x12, 0xA0,
    0x08, 0x41, 0x5B, 0xFD, 0x4A, 0xDB, 0x50, 0x00, 0x04, 0x00, 0x05, 0x44, 0x00, 0x42, 0x95, 0x7F,
    0xEF, 0x2A, 0x7B, 0x10, 0x00, 0x10, 0x04, 0x90, 0x22, 0x81, 0x15, 0x55, 0xE5, 0xFC, 0x95, 0xFB,
    0x70, 0x00, 0x80, 0x20, 0x05, 0x14, 0x50, 0x55, 0xB7, 0xB7, 0x5E, 0x4B, 0xF6, 0x60, 0x00, 0x01,
    0x02, 0x50, 0x41, 0x04, 0x0A, 0xA9, 0x5D, 0xF4, 0x2F, 0xFB, 0x60, 0x00, 0x10, 0x08, 0x02, 0x2A,
    0x50, 0x12, 0xA5, 0x76, 0x59, 0x5F, 0xF6, 0xE0, 0x00, 0x82, 0x21, 0x48, 0x80, 0x04, 0x81, 0x14,
    0xDF, 0xE4, 0xBF, 0xEC, 0xD0, 0x02, 0x08, 0x04, 0x00, 0x2A, 0xA2, 0x54, 0xAB, 0xFF, 0xF2, 0xFF,
    0xF5, 0xB0, 0x00, 0x21, 0x10, 0xA5, 0x00, 0x15, 0x6F, 0x7F, 0xFD, 0xD2, 0xFF, 0xEB, 0x70, 0x00,
    0x00, 0x42, 0x00, 0x4A, 0xA2, 0xB5, 0xFF, 0xF7, 0xCB, 0xBF, 0xEB, 0xF0,
};
// 60x60 1bpp bitmap, horizontal byte layout, row-major, MSB = leftmost pixel
// 8 bytes per row, 480 bytes total
const uint8_t boy_bitmap_60x60[480] = {
    0xFF, 0xFF, 0xFF, 0xFF, 0xFF, 0xFF, 0xFF, 0xF0, 0xFF, 0xFF, 0xFF, 0xFF, 0xFF, 0xFF, 0xFF, 0xF0,
    0xFF, 0xFF, 0xFF, 0xD7, 0xFE, 0xFF, 0xFF, 0xF0, 0xFF, 0xFF, 0xF0, 0x00, 0x7E, 0xFF, 0xFF, 0xF0,
    0xFF, 0x54, 0x02, 0x08, 0x0D, 0xFD, 0xEF, 0x70, 0xF7, 0xF8, 0x08, 0x41, 0x04, 0xAF, 0xFF, 0xF0,
    0xFF, 0xFA, 0x41, 0x14, 0x40, 0x07, 0xFF, 0xF0, 0xFF, 0xE0, 0x08, 0x00, 0x11, 0x01, 0xFD, 0xF0,
    0xFF, 0xC0, 0x41, 0x52, 0x84, 0x20, 0x77, 0xF0, 0xEE, 0xC1, 0x08, 0x08, 0x50, 0x08, 0x3F, 0xF0,
    0xFF, 0x88, 0x52, 0xA5, 0x0A, 0x82, 0x1F, 0xD0, 0xFF, 0xC2, 0x04, 0x10, 0xA0, 0x50, 0x0F, 0xF0,
    0xFF, 0xC1, 0x51, 0x44, 0x15, 0x04, 0x87, 0x70, 0xFB, 0xC4, 0x0A, 0x29, 0x40, 0xA0, 0x03, 0xF0,
    0xEF, 0x82, 0xA0, 0x82, 0x2A, 0x12, 0x41, 0xF0, 0xFE, 0x10, 0x15, 0x29, 0x01, 0x40, 0x11, 0xF0,
    0xFC, 0x82, 0xA0, 0x44, 0xAA, 0x15, 0x01, 0xF0, 0xFA, 0x10, 0x0A, 0x91, 0x10, 0x80, 0x40, 0xF0,
    0xF8, 0x40, 0x40, 0x24, 0x45, 0x29, 0x01, 0xF0, 0xF0, 0x0A, 0x95, 0x42, 0x10, 0x80, 0x21, 0xF0,
    0xF2, 0x80, 0x60, 0x11, 0x42, 0x24, 0x83, 0xF0, 0xF8, 0x2B, 0xDA, 0x8A, 0x10, 0x00, 0x03, 0xF0,
    0xF8, 0x02, 0xFD, 0x20, 0xA5, 0x52, 0x23, 0xD0, 0xE9, 0x47, 0xB7, 0xAA, 0x00, 0x80, 0x83, 0xF0,
    0xFC, 0x13, 0xFD, 0xED, 0x55, 0x08, 0x07, 0xF0, 0xFC, 0x03, 0x57, 0x7B, 0xA8, 0x20, 0x07, 0xF0,
    0xFC, 0xAA, 0xC1, 0xDE, 0xF0, 0x06, 0x07, 0xF0, 0xFC, 0x0F, 0x00, 0xEF, 0xA1, 0x43, 0x0F, 0xB0,
    0xF6, 0x1E, 0x5C, 0xBA, 0xFF, 0xF1, 0x0F, 0xF0, 0xFE, 0x19, 0xFF, 0xFF, 0xDB, 0x6D, 0x0F, 0xF0,
    0xFF, 0x1D, 0xAB, 0x56, 0xFD, 0x5D, 0x1F, 0xF0, 0xFF, 0x0F, 0x02, 0xFF, 0xA9, 0x0E, 0x8F, 0x70,
    0xEE, 0x0C, 0x7D, 0x75, 0xF4, 0xE6, 0x2F, 0xF0, 0xFD, 0xAC, 0xC4, 0xDF, 0x52, 0x72, 0x57, 0xF0,
    0xFD, 0x65, 0xC0, 0xFB, 0xF0, 0x56, 0x57, 0xF0, 0xFD, 0xB7, 0xC1, 0xB6, 0xD0, 0x7C, 0xB7, 0x70,
    0xFD, 0xA6, 0xEA, 0xFF, 0xFD, 0x76, 0xF7, 0xF0, 0xEE, 0xFB, 0xFF, 0xD5, 0x7B, 0xFD, 0x2F, 0xF0,
    0xFF, 0x5F, 0x6D, 0x7F, 0xDF, 0x56, 0xEF, 0xF0, 0xFF, 0x75, 0xBB, 0xEA, 0xED, 0xFD, 0x9F, 0xD0,
    0xFF, 0xCE, 0xEF, 0xBF, 0x7E, 0xAD, 0x7F, 0x70, 0xFF, 0xFB, 0xBA, 0xD5, 0xAB, 0xF5, 0xFF, 0xF0,
    0xF7, 0xF1, 0xD7, 0xD6, 0xBE, 0xBB, 0xFF, 0xF0, 0xFF, 0xFD, 0x7B, 0x75, 0xFB, 0xEB, 0xFF, 0xF0,
    0xFF, 0x7E, 0xED, 0xDF, 0xA6, 0xB7, 0xFB, 0xF0, 0xFD, 0xFE, 0xBE, 0x50, 0xBF, 0xEF, 0xEF, 0xB0,
    0xEF, 0xFF, 0xB7, 0xEF, 0x6B, 0x5F, 0x7F, 0xF0, 0xFF, 0xF7, 0xCE, 0xDB, 0xFE, 0xBD, 0xFF, 0xF0,
    0xFF, 0xFF, 0xF3, 0xFE, 0xB5, 0xFF, 0xFF, 0xF0, 0xFF, 0xFF, 0xFC, 0xB7, 0xE7, 0xFF, 0xFF, 0x70,
    0xFF, 0x7F, 0xFF, 0x2D, 0x4F, 0xF7, 0xFD, 0xF0, 0xED, 0xF7, 0x7E, 0xA5, 0x2F, 0xBF, 0xEF, 0xF0,
    0xFF, 0xFF, 0xFF, 0x76, 0xEF, 0xFF, 0xBF, 0xF0, 0xFF, 0xFF, 0xFF, 0x5A, 0xAF, 0xFF, 0xFF, 0xF0,
    0xFF, 0xFF, 0xF8, 0xFA, 0xA3, 0xFF, 0xFF, 0xF0, 0xFF, 0xDD, 0xDD, 0x5F, 0xAB, 0xFB, 0xFF, 0x70,
    0xF7, 0x7F, 0xFA, 0x24, 0x53, 0xBF, 0xFB, 0xF0, 0xFF, 0xFF, 0xFF, 0xD5, 0xBF, 0xFF, 0xBF, 0xF0,
    0xFF, 0xFF, 0xFF, 0xFF, 0xFF, 0xFF, 0xFF, 0xF0, 0xFF, 0xFF, 0x7F, 0xFF, 0xFF, 0xFB, 0xFF, 0xF0,
};

// width: 128, height: 64, length: 1024
const uint8_t walter_64x64[] = {
		0xEE, 0xED, 0x40, 0x00, 0x00, 0x01, 0x56, 0xEE, 0x5B, 0x56, 0xA0, 0x00, 0x00, 0x04, 0xAB, 0x5B,
		    0xED, 0xEA, 0x90, 0x00, 0x04, 0x51, 0x2D, 0xED, 0xB6, 0xB5, 0x44, 0x82, 0x50, 0x04, 0x52, 0xB6,
		    0xBB, 0x54, 0x20, 0x08, 0x01, 0x11, 0x2A, 0xDB, 0xD6, 0xD5, 0x84, 0x00, 0x00, 0x04, 0x8B, 0x6D,
		    0x6D, 0xA2, 0x20, 0x40, 0x88, 0x40, 0x02, 0xB6, 0xBB, 0x60, 0x41, 0x02, 0x01, 0x10, 0x02, 0xDB,
		    0xD6, 0xA0, 0x08, 0x08, 0x00, 0x00, 0x02, 0xAA, 0x7B, 0xD0, 0x00, 0x20, 0x20, 0x00, 0x05, 0x6A,
		    0xAD, 0x50, 0x00, 0x00, 0x00, 0x00, 0x2A, 0xAA, 0xD7, 0x6A, 0x00, 0x00, 0x00, 0x01, 0x09, 0x55,
		    0x7A, 0xA9, 0x00, 0x00, 0x00, 0x54, 0x55, 0x54, 0xAF, 0xB4, 0x92, 0x00, 0x05, 0x59, 0x25, 0x52,
		    0xDA, 0xD5, 0x24, 0x00, 0x11, 0x68, 0x95, 0x24, 0x6B, 0x55, 0x05, 0x52, 0x8D, 0xB4, 0x52, 0x92,
		    0xBD, 0x6A, 0xA2, 0x8A, 0x24, 0x59, 0x28, 0x48, 0xD5, 0xAA, 0x4B, 0x53, 0x50, 0xB0, 0x85, 0x22,
		    0x6D, 0x55, 0x05, 0x00, 0x82, 0xB5, 0x29, 0x48, 0xB5, 0x55, 0x54, 0x09, 0x56, 0xA4, 0x44, 0x02,
		    0xAB, 0x54, 0x15, 0xE0, 0x21, 0x5B, 0x12, 0xA8, 0xB5, 0x52, 0xAA, 0x02, 0xC8, 0xAC, 0x48, 0x05,
		    0xAA, 0x4A, 0x16, 0x89, 0x65, 0x7B, 0x02, 0xA0, 0x55, 0x21, 0x2D, 0x6A, 0xD7, 0xAC, 0x28, 0x14,
		    0xA9, 0x4A, 0x16, 0xA9, 0xD5, 0x7A, 0x82, 0x82, 0x54, 0x24, 0x85, 0xB5, 0x6F, 0xD8, 0x10, 0x50,
		    0x4A, 0x88, 0x2E, 0xDD, 0xF5, 0x7A, 0x4A, 0x0A, 0x50, 0x42, 0x0B, 0x75, 0x5F, 0xAC, 0x01, 0x41,
		    0x25, 0x28, 0x97, 0x55, 0xE9, 0xBA, 0x54, 0x28, 0x90, 0x82, 0x1A, 0xDB, 0xBA, 0xF4, 0x02, 0x85,
		    0x45, 0x28, 0x8F, 0x6D, 0xEF, 0x5C, 0xA8, 0x28, 0x10, 0x04, 0x0A, 0xDB, 0x7B, 0xF4, 0x02, 0x82,
		    0x4A, 0xA9, 0x4B, 0x75, 0xD7, 0x58, 0xA8, 0x54, 0x20, 0x42, 0x0D, 0xDA, 0xBB, 0xFA, 0x05, 0x01,
		    0x4A, 0x94, 0x4E, 0xB4, 0x4B, 0x58, 0x50, 0xAA, 0x22, 0x21, 0x03, 0x69, 0x2D, 0xE1, 0x0A, 0x04,
		    0x48, 0x8A, 0x45, 0xB4, 0x1B, 0x70, 0x41, 0x51, 0x12, 0x51, 0x12, 0xD4, 0x8D, 0xB2, 0x2A, 0x24,
		    0x49, 0x08, 0x83, 0x60, 0x12, 0xE1, 0x44, 0x89, 0x24, 0xA5, 0x22, 0xA8, 0x45, 0x70, 0x28, 0x52,
		    0x92, 0x10, 0x49, 0xA1, 0x01, 0xA5, 0x02, 0x84, 0x21, 0x4A, 0x82, 0xC8, 0x29, 0xE0, 0xA9, 0x29,
		    0x4A, 0x21, 0x11, 0xA0, 0x02, 0xA2, 0x12, 0x02, 0x11, 0x14, 0x42, 0xC5, 0x51, 0xA0, 0xA4, 0xA8,
		    0x48, 0xA2, 0x01, 0x57, 0x6A, 0xD2, 0x08, 0x45, 0x25, 0x09, 0x49, 0x4D, 0x59, 0x40, 0xA2, 0x90,
		    0x40, 0x50, 0x00, 0xD5, 0x6D, 0xC2, 0x08, 0x25, 0x15, 0x05, 0x41, 0x4C, 0x1A, 0xA0, 0x45, 0x42,
		    0x48, 0xA8, 0x02, 0x94, 0x2D, 0x50, 0x10, 0x14, 0x22, 0x02, 0x20, 0x45, 0x29, 0x81, 0x25, 0x41,
		    0x48, 0xA8, 0x82, 0xA4, 0x95, 0x50, 0x00, 0x28, 0x02, 0x00, 0x00, 0x85, 0x52, 0x80, 0x4A, 0x84,
		    0x50, 0xA4, 0x02, 0x50, 0x21, 0x50, 0x00, 0x22, 0x04, 0x01, 0x00, 0x82, 0x8A, 0x80, 0x11, 0x08,
		    0x21, 0x20, 0x02, 0x48, 0x21, 0x10, 0x80, 0x20, 0x04, 0x04, 0x01, 0x20, 0x05, 0x10, 0x04, 0x84,
		    0x20, 0x40, 0x01, 0x00, 0x02, 0x40, 0x00, 0x00, 0x01, 0x00, 0x01, 0x20, 0x11, 0x10, 0x00, 0x22,
		    0x08, 0x00, 0x00, 0x11, 0x04, 0x20, 0x02, 0x00, 0x20, 0x00, 0x09, 0x44, 0x02, 0x20, 0x00, 0x08,
		    0x00, 0x00, 0x00, 0x00, 0x48, 0x00, 0x40, 0x20, 0x00, 0x80, 0x00, 0x80, 0x00, 0x50, 0x00, 0x00,
		    0x02, 0x00, 0x00, 0x10, 0x01, 0x00, 0x00, 0x00, 0x00, 0x00, 0x00, 0x80, 0x08, 0x20, 0x00, 0x00,

};
// 120x60 1-bit bitmap, Adafruit GFX format, Atkinson dithered, contrast-boosted

const uint8_t gus_bitmap_120x60[] = {
  0xFF, 0xFF, 0xFF, 0xFF, 0xFC, 0x00, 0x00, 0x01, 0xFF, 0xFF, 0xFF, 0xFF,
  0xFD, 0xFF, 0xFF, 0xA6, 0xDF, 0xFF, 0xFF, 0xF8, 0x00, 0x2F, 0x20, 0xFF,
  0xFF, 0xFF, 0xFF, 0xE6, 0x7E, 0xFF, 0x00, 0x00, 0x00, 0x09, 0x20, 0x03,
  0x93, 0xF8, 0x3F, 0xFF, 0xFF, 0xF7, 0x3B, 0x5E, 0xFF, 0x00, 0x00, 0x00,
  0x00, 0x00, 0x08, 0xDF, 0xFF, 0x80, 0x00, 0x24, 0xDB, 0xC9, 0x37, 0xFF,
  0x20, 0x00, 0x00, 0x00, 0x40, 0x26, 0x65, 0xEF, 0xC0, 0x00, 0x00, 0x3F,
  0xED, 0xBC, 0xFF, 0x02, 0x65, 0x20, 0x00, 0x01, 0x25, 0x37, 0x7E, 0xC0,
  0x00, 0x00, 0x2F, 0x7E, 0xFC, 0xFF, 0x06, 0x99, 0xAC, 0x02, 0x01, 0x11,
  0x99, 0xFF, 0xE0, 0x00, 0x00, 0x3F, 0xD3, 0xFE, 0xFF, 0x01, 0xAE, 0x40,
  0x3B, 0x00, 0x46, 0x6D, 0xB9, 0xB0, 0x00, 0x00, 0x3D, 0xBF, 0x7A, 0xFF,
  0x04, 0x62, 0x58, 0x6F, 0x00, 0x00, 0x86, 0xEF, 0xD2, 0x10, 0x00, 0x2D,
  0xAD, 0xDC, 0xFF, 0x06, 0x5B, 0x92, 0x7F, 0x00, 0x00, 0xB3, 0xBE, 0x6F,
  0xFF, 0xFF, 0xFB, 0x76, 0xDD, 0xFE, 0x03, 0x24, 0xA4, 0x7F, 0x00, 0x24,
  0x4C, 0xE7, 0xE7, 0xFF, 0xFF, 0xDE, 0xDB, 0x7E, 0xFF, 0x00, 0x84, 0x20,
  0x3E, 0x00, 0x01, 0x4E, 0x7D, 0xB7, 0xFF, 0xFF, 0xFF, 0xFB, 0xFE, 0xFF,
  0x00, 0x00, 0x00, 0x00, 0x00, 0x1B, 0x33, 0x52, 0x67, 0xFF, 0xFF, 0xFF,
  0xEE, 0xFF, 0xFE, 0x00, 0x00, 0x00, 0x00, 0x00, 0x40, 0x2D, 0x00, 0x38,
  0x04, 0x92, 0x6D, 0x2B, 0x6C, 0x7E, 0x24, 0x00, 0x00, 0x00, 0x00, 0x00,
  0x09, 0xB9, 0xD8, 0x00, 0x00, 0x00, 0x00, 0x00, 0x11, 0x01, 0x24, 0x00,
  0x00, 0x01, 0x00, 0x02, 0x65, 0xC8, 0x00, 0x00, 0x00, 0x00, 0x00, 0x01,
  0xD8, 0x01, 0x24, 0x90, 0x00, 0x00, 0x03, 0x44, 0x73, 0x00, 0x00, 0x00,
  0x00, 0x00, 0x02, 0x06, 0xD8, 0x92, 0x04, 0x02, 0x04, 0xC1, 0x91, 0x1C,
  0x00, 0x00, 0x00, 0x00, 0x00, 0x00, 0x60, 0x06, 0x10, 0xC9, 0x00, 0x80,
  0x05, 0x80, 0x0C, 0x92, 0x21, 0x00, 0x00, 0x00, 0x04, 0x19, 0x20, 0xC4,
  0x20, 0x00, 0x00, 0x01, 0x00, 0x34, 0x00, 0x88, 0x49, 0x24, 0x92, 0x43,
  0x84, 0x98, 0x09, 0x08, 0x10, 0x00, 0x13, 0xE1, 0xE6, 0x48, 0x02, 0x00,
  0x00, 0x00, 0x10, 0x64, 0x86, 0x62, 0x48, 0x04, 0x00, 0x01, 0xC0, 0xFB,
  0x02, 0x40, 0x92, 0x49, 0x24, 0x84, 0x12, 0x61, 0x04, 0x20, 0x00, 0x00,
  0x01, 0xF6, 0x9A, 0x20, 0x10, 0x00, 0x00, 0x00, 0x89, 0x12, 0x11, 0x11,
  0x80, 0x08, 0x00, 0x01, 0xF9, 0xFA, 0x09, 0x04, 0x49, 0x24, 0x92, 0x22,
  0xC9, 0x84, 0x48, 0x18, 0x00, 0x90, 0x04, 0xEE, 0x76, 0x40, 0x41, 0x00,
  0x00, 0x00, 0x02, 0x24, 0x24, 0x8A, 0x40, 0x00, 0x24, 0x83, 0xFB, 0xD6,
  0x12, 0x10, 0x24, 0x92, 0x49, 0x10, 0x24, 0x92, 0x20, 0x84, 0x08, 0x00,
  0x08, 0xF7, 0xDA, 0x00, 0x84, 0x80, 0x00, 0x00, 0x44, 0x12, 0x48, 0x92,
  0x30, 0x00, 0x00, 0x40, 0xB6, 0xE6, 0x48, 0x20, 0x12, 0x49, 0x24, 0x01,
  0xC2, 0x42, 0x44, 0x82, 0x00, 0x04, 0x00, 0x83, 0xA4, 0x02, 0x09, 0x00,
  0x00, 0x01, 0x22, 0x18, 0x92, 0x11, 0x08, 0x40, 0x01, 0x00, 0x09, 0x9C,
  0x90, 0x80, 0x49, 0x24, 0x90, 0x08, 0x21, 0x10, 0x92, 0x49, 0x04, 0x00,
  0x00, 0x7C, 0xE4, 0x04, 0x24, 0x00, 0x00, 0x04, 0x81, 0x24, 0x4C, 0x42,
  0x20, 0x00, 0x00, 0x01, 0x3E, 0xE9, 0x21, 0x01, 0x24, 0x92, 0x40, 0x24,
  0x89, 0x21, 0x08, 0x86, 0x40, 0x00, 0x41, 0x26, 0x38, 0x08, 0x48, 0x00,
  0x00, 0x12, 0x00, 0x22, 0x04, 0xA4, 0x10, 0x90, 0x00, 0x03, 0x7B, 0x48,
  0x82, 0x02, 0x49, 0x24, 0x80, 0x92, 0x48, 0xD2, 0x21, 0x42, 0x08, 0x00,
  0x00, 0x01, 0x68, 0x20, 0x90, 0x00, 0x00, 0x24, 0x00, 0x12, 0x12, 0x19,
  0x18, 0x60, 0x00, 0x00, 0x00, 0x29, 0x08, 0x04, 0x92, 0x49, 0x01, 0x24,
  0x92, 0x44, 0xC0, 0x21, 0x04, 0x00, 0x00, 0x3C, 0xA0, 0x42, 0x40, 0x00,
  0x00, 0x48, 0x00, 0x24, 0x91, 0x06, 0x84, 0x90, 0x00, 0x00, 0xEE, 0x32,
  0x10, 0x12, 0x49, 0x24, 0x02, 0x42, 0x49, 0x24, 0x30, 0x44, 0x08, 0x00,
  0x00, 0x0B, 0x90, 0x84, 0x80, 0x00, 0x01, 0x20, 0x00, 0x49, 0x08, 0x84,
  0x49, 0x40, 0x00, 0x00, 0x12, 0x44, 0x20, 0x24, 0x92, 0x48, 0x09, 0x00,
  0x24, 0x4A, 0x49, 0x08, 0x44, 0x00, 0x00, 0x16, 0x61, 0x09, 0x00, 0x00,
  0x02, 0x40, 0x42, 0x92, 0x42, 0x42, 0x22, 0x10, 0x00, 0x00, 0xE5, 0x88,
  0x40, 0x49, 0x24, 0x90, 0x12, 0x00, 0x12, 0x31, 0x12, 0x21, 0x16, 0x00,
  0x00, 0x7C, 0x82, 0x12, 0x00, 0x00, 0x04, 0x80, 0x80, 0x49, 0x8C, 0x48,
  0x88, 0x46, 0x00, 0x01, 0x0A, 0x20, 0x80, 0x92, 0x49, 0x20, 0x24, 0x20,
  0x48, 0x20, 0x88, 0x88, 0x8E, 0x00, 0x00, 0x23, 0x88, 0x24, 0x00, 0x00,
  0x09, 0x01, 0x08, 0x26, 0x44, 0x92, 0x22, 0x2F, 0x00, 0x00, 0x05, 0x82,
  0x01, 0x24, 0x92, 0x40, 0x48, 0x00, 0x91, 0x12, 0x11, 0x22, 0x3F, 0x80,
  0x00, 0x15, 0x90, 0x90, 0x00, 0x00, 0x12, 0x00, 0x90, 0x11, 0x22, 0x44,
  0x48, 0xFF, 0xC0, 0x00, 0xD7, 0x84, 0x04, 0x92, 0x49, 0x00, 0x92, 0x04,
  0x4C, 0x89, 0x22, 0x43, 0xDF, 0xF0, 0x01, 0x2B, 0xE1, 0x20, 0x00, 0x00,
  0x48, 0x00, 0x40, 0x42, 0x48, 0x89, 0x1F, 0xDE, 0xF0, 0x00, 0x67, 0xF8,
  0x09, 0x24, 0x92, 0x02, 0x44, 0x12, 0x32, 0x46, 0x24, 0x7F, 0xFF, 0xBC,
  0x00, 0x97, 0xFF, 0x00, 0x00, 0x00, 0x20, 0x10, 0x80, 0x88, 0x90, 0x93,
  0xFF, 0xB7, 0xEE, 0x00, 0x8F, 0xFF, 0xC4, 0x92, 0x49, 0x09, 0x02, 0x08,
  0x24, 0x92, 0x0F, 0xFF, 0x9D, 0xFF, 0x80, 0x9F, 0xFF, 0xF8, 0x00, 0x00,
  0x40, 0x40, 0x20, 0x24, 0x49, 0x7F, 0xFE, 0xEF, 0x7F, 0xC0, 0x3F, 0xFF,
  0xFF, 0x24, 0x24, 0x04, 0x11, 0x04, 0x93, 0x21, 0xFF, 0xF7, 0xEF, 0xDF,
  0xE0, 0x7F, 0xFF, 0xFF, 0xC1, 0x01, 0x11, 0x04, 0x40, 0x48, 0x17, 0xFF,
  0x7F, 0x73, 0xF7, 0xF8, 0xFF, 0xFF, 0xFF, 0xE0, 0x40, 0x40, 0x00, 0x08,
  0x22, 0xFF, 0xFF, 0xDF, 0xDF, 0xFF, 0xC0, 0xFF, 0xFF, 0xFF, 0xFC, 0x12,
  0x02, 0x48, 0x82, 0x93, 0xFF, 0xFD, 0xFD, 0xFD, 0xFF, 0x80, 0x3F, 0xFF,
  0xFF, 0xFF, 0x00, 0x20, 0x02, 0x10, 0x1F, 0xFF, 0xFF, 0xFF, 0xFD, 0xFD,
  0x00, 0x1F, 0xFF, 0xFF, 0xFF, 0xC9, 0x09, 0x20, 0x00, 0x7F, 0xFF, 0xFF,
  0xFF, 0xFF, 0xDE, 0x00, 0x1F, 0xFF, 0xFF, 0xFF, 0xE0, 0x40, 0x04, 0x88,
};

// 120x60 1-bit bitmap, Adafruit GFX format, Floyd-Steinberg dithered, high contrast

const uint8_t gus_bitmap_120x60_V2[] = {
  0xFF, 0xFF, 0xFF, 0xFF, 0xFC, 0x00, 0x08, 0x01, 0xFF, 0xFF, 0xFF, 0xFF,
  0xED, 0xBF, 0xFF, 0x55, 0x55, 0xDF, 0xFF, 0xF0, 0x02, 0xA7, 0x54, 0xFF,
  0xFF, 0xFF, 0xEB, 0x76, 0xED, 0x7F, 0x00, 0x04, 0x20, 0x02, 0x50, 0x84,
  0x95, 0xE9, 0x2A, 0xAA, 0xB6, 0xFD, 0xAA, 0xBE, 0xFF, 0x40, 0x00, 0x02,
  0x10, 0x02, 0x12, 0xB7, 0x76, 0x95, 0x55, 0xAB, 0x57, 0xAA, 0x57, 0xFF,
  0x21, 0x51, 0x08, 0x04, 0x80, 0x2A, 0xAA, 0xDE, 0xC0, 0x00, 0x04, 0x3B,
  0x75, 0xAC, 0xFF, 0x04, 0x24, 0xA0, 0x10, 0x02, 0x89, 0x57, 0xFB, 0xA0,
  0x00, 0x00, 0x2F, 0xDE, 0xFE, 0xFF, 0x05, 0xAA, 0xAA, 0x02, 0x10, 0x55,
  0x55, 0x7E, 0xD0, 0x00, 0x20, 0x5D, 0xEB, 0xBA, 0xFF, 0x04, 0xAA, 0xA4,
  0x29, 0x02, 0x82, 0xAB, 0xAB, 0xE0, 0x00, 0x00, 0x37, 0x5D, 0xFD, 0x7E,
  0x05, 0x55, 0x50, 0xBF, 0x00, 0x24, 0x55, 0x7E, 0xB5, 0x55, 0x04, 0x9D,
  0xB5, 0x5A, 0xFF, 0x45, 0x55, 0x4A, 0x5F, 0x00, 0x81, 0x4A, 0xD5, 0xD6,
  0xDA, 0xFB, 0x76, 0xDB, 0x6D, 0xFE, 0x09, 0x55, 0x54, 0x7F, 0x00, 0x12,
  0x2B, 0x7E, 0xD7, 0xFF, 0xDE, 0xDD, 0x6D, 0xBE, 0xFF, 0x02, 0x24, 0x80,
  0x2A, 0x01, 0x01, 0x55, 0x57, 0x6B, 0xB7, 0xFF, 0xFF, 0xDB, 0xFA, 0xFD,
  0x20, 0x00, 0x12, 0x12, 0x00, 0x2C, 0xAB, 0x69, 0x56, 0xFE, 0xF7, 0xFE,
  0xF6, 0xDF, 0x7E, 0x08, 0x00, 0x00, 0x00, 0x04, 0x40, 0x55, 0x20, 0xB5,
  0x55, 0x5A, 0xAB, 0x5B, 0x75, 0x7D, 0x41, 0x4A, 0x40, 0x40, 0x00, 0x00,
  0x0A, 0xAD, 0x50, 0x00, 0x00, 0x00, 0x80, 0x08, 0x15, 0x28, 0x10, 0x12,
  0x08, 0x02, 0x00, 0x0A, 0xA2, 0xD8, 0x00, 0x00, 0x00, 0x00, 0x00, 0x00,
  0x85, 0x42, 0x84, 0x82, 0x08, 0x09, 0x01, 0x59, 0x6B, 0x01, 0x00, 0x00,
  0x00, 0x00, 0x05, 0x52, 0x28, 0x50, 0x54, 0x82, 0x44, 0xA3, 0x41, 0x14,
  0x54, 0x24, 0x94, 0x12, 0x41, 0x00, 0x49, 0x45, 0x0A, 0x82, 0x08, 0x80,
  0x05, 0x80, 0x5A, 0x80, 0x88, 0x21, 0x40, 0x14, 0x55, 0x2A, 0x28, 0xA4,
  0x54, 0x20, 0x00, 0x09, 0x20, 0x14, 0x24, 0x22, 0x84, 0x15, 0x41, 0x02,
  0xA4, 0x92, 0x52, 0x88, 0x02, 0x00, 0x92, 0xC1, 0xEE, 0x89, 0x40, 0x21,
  0x00, 0x10, 0x51, 0x12, 0x49, 0x08, 0x20, 0x10, 0x00, 0x01, 0xD4, 0xB2,
  0x42, 0x15, 0x08, 0xAA, 0x85, 0x0A, 0xA9, 0x24, 0xA5, 0x48, 0x04, 0x09,
  0x02, 0xEA, 0xDD, 0x10, 0x80, 0x44, 0x00, 0x20, 0xA0, 0x44, 0x92, 0x48,
  0x20, 0x10, 0xA0, 0x09, 0xB5, 0x75, 0x24, 0x2A, 0x22, 0xA9, 0x14, 0x0A,
  0x2A, 0x49, 0x22, 0x88, 0x02, 0x04, 0x42, 0xFA, 0xDA, 0x42, 0x80, 0x88,
  0x02, 0x42, 0xA1, 0x91, 0x24, 0x89, 0x24, 0x10, 0x51, 0x09, 0x6F, 0xEA,
  0x10, 0x24, 0x22, 0x48, 0x10, 0x0A, 0x4A, 0x92, 0x24, 0x92, 0x04, 0x04,
  0x21, 0xF5, 0x56, 0x8A, 0x89, 0x08, 0x22, 0x85, 0x40, 0x24, 0x49, 0x52,
  0x48, 0x10, 0x10, 0x84, 0x57, 0xB6, 0x20, 0x20, 0xA2, 0x88, 0x20, 0x15,
  0x92, 0x92, 0x09, 0x12, 0x40, 0x40, 0x01, 0x4A, 0xD4, 0x8A, 0x84, 0x08,
  0x22, 0x8A, 0x80, 0x48, 0x48, 0xA4, 0x44, 0x04, 0x05, 0x10, 0x09, 0xAA,
  0x20, 0x22, 0xA2, 0x88, 0x20, 0x2A, 0x25, 0x25, 0x12, 0x91, 0x00, 0x00,
  0x00, 0xFD, 0xD4, 0x8A, 0x10, 0x08, 0x22, 0x8A, 0x80, 0x92, 0x48, 0xA0,
  0x48, 0xA4, 0x11, 0x21, 0x16, 0x58, 0x20, 0x8A, 0xA2, 0x40, 0x20, 0x25,
  0x49, 0x22, 0x15, 0x25, 0x01, 0x00, 0x02, 0x6D, 0x52, 0x8A, 0x40, 0x08,
  0x15, 0x09, 0x10, 0x24, 0x94, 0xA2, 0x40, 0x54, 0x04, 0x49, 0x35, 0x58,
  0x20, 0x2A, 0x42, 0x80, 0x42, 0x44, 0x92, 0x42, 0x49, 0x15, 0x00, 0x20,
  0x00, 0x8A, 0xA9, 0x0A, 0x80, 0x90, 0x2A, 0x28, 0x11, 0x49, 0x29, 0x12,
  0x44, 0xA9, 0x00, 0x00, 0x20, 0x52, 0x40, 0x24, 0x05, 0x01, 0x02, 0x84,
  0x24, 0x84, 0xA4, 0x92, 0x10, 0x00, 0x00, 0x1A, 0xA8, 0x2A, 0x89, 0x50,
  0x54, 0x50, 0x20, 0x92, 0x52, 0x11, 0x24, 0xA4, 0x00, 0x02, 0xEA, 0x52,
  0x80, 0x20, 0x05, 0x01, 0x05, 0x0A, 0x49, 0x29, 0x4A, 0x11, 0x08, 0x80,
  0x20, 0x17, 0x20, 0x55, 0x0A, 0x90, 0x54, 0x48, 0x40, 0x24, 0x84, 0x90,
  0xA4, 0x50, 0x04, 0x00, 0x29, 0x55, 0x00, 0x40, 0x22, 0x01, 0x01, 0x02,
  0x92, 0x52, 0x45, 0x09, 0x04, 0x20, 0x04, 0x86, 0xA0, 0x4A, 0x29, 0x08,
  0xA8, 0x54, 0x48, 0x49, 0x29, 0x28, 0xA2, 0x52, 0x00, 0x00, 0x75, 0x45,
  0x10, 0x82, 0x42, 0x02, 0x01, 0x00, 0x2A, 0x84, 0x85, 0x11, 0x0A, 0x00,
  0x22, 0x9A, 0x90, 0x42, 0x24, 0x28, 0x91, 0x54, 0x52, 0xA1, 0x29, 0x28,
  0x48, 0xA6, 0x00, 0x00, 0x4A, 0x05, 0x10, 0x88, 0x82, 0x08, 0x01, 0x00,
  0x14, 0x92, 0x45, 0x25, 0x1E, 0x01, 0x00, 0x55, 0xA8, 0x44, 0x21, 0x10,
  0xA2, 0xA4, 0x24, 0xAA, 0x48, 0x90, 0x90, 0x4F, 0x00, 0x02, 0x02, 0x82,
  0x12, 0x84, 0x44, 0x08, 0x01, 0x08, 0x41, 0x25, 0x25, 0x25, 0x3B, 0x80,
  0x00, 0x55, 0xD1, 0x40, 0x21, 0x11, 0x42, 0xA8, 0x40, 0x2A, 0x90, 0x92,
  0x40, 0xEE, 0xE0, 0x08, 0x95, 0x88, 0x15, 0x14, 0x04, 0x10, 0x02, 0x24,
  0x94, 0x4A, 0x48, 0x97, 0xDF, 0xA0, 0x01, 0x57, 0xE2, 0x80, 0x41, 0x50,
  0x8A, 0x91, 0x11, 0x42, 0x91, 0x22, 0x0B, 0xBB, 0xF8, 0x00, 0xAB, 0xF8,
  0x55, 0x10, 0x02, 0x20, 0x44, 0x44, 0x29, 0x24, 0x89, 0x7F, 0xDE, 0xAC,
  0x00, 0x47, 0xFF, 0x00, 0x45, 0x28, 0x89, 0x11, 0x00, 0x94, 0x92, 0x52,
  0xFF, 0x5B, 0xFB, 0x02, 0x9F, 0xFF, 0xCA, 0x10, 0x42, 0x22, 0x04, 0x55,
  0x44, 0x49, 0x0F, 0xFF, 0xEE, 0xDF, 0x80, 0x5F, 0xFF, 0xF0, 0x84, 0x88,
  0x08, 0xA1, 0x00, 0x2A, 0xA4, 0xBF, 0xAA, 0xAF, 0xF6, 0xC5, 0x3F, 0xFF,
  0xFF, 0x21, 0x01, 0x40, 0x08, 0x24, 0x91, 0x12, 0xFB, 0xFF, 0xD6, 0xBF,
  0xF0, 0x7F, 0xFF, 0xFF, 0xC8, 0x28, 0x15, 0x22, 0x81, 0x4A, 0x4B, 0xFE,
  0xFD, 0x7B, 0xEF, 0xF0, 0xFF, 0xFF, 0xFF, 0xE2, 0x82, 0x80, 0x44, 0x28,
  0x24, 0xBF, 0xFF, 0xAF, 0xDB, 0xFB, 0xC0, 0xFF, 0xFF, 0xFF, 0xF8, 0x24,
  0x25, 0x08, 0x82, 0x93, 0xFF, 0xF5, 0xFD, 0xFD, 0xBF, 0x80, 0x3F, 0xFF,
  0xFF, 0xFF, 0x00, 0x88, 0x20, 0x10, 0x57, 0xFF, 0xFF, 0x6F, 0xBD, 0xED,
  0x00, 0x1F, 0xFF, 0xFF, 0xFF, 0xD4, 0x21, 0x05, 0x44, 0x5F, 0xFF, 0xDF,
  0xFF, 0xFE, 0xFE, 0x00, 0x1F, 0xFF, 0xFF, 0xFF, 0xE1, 0x04, 0x50, 0x01,
};
const uint8_t gus_bitmap_contratst2_4[]={
		0xFF, 0xFF, 0xFF, 0xFF, 0xFC, 0x00, 0x00, 0x01, 0xFF, 0xFF, 0xFF, 0xFF,
		  0xFE, 0xFF, 0xFF, 0xDF, 0xFF, 0xFF, 0xFF, 0xF8, 0x00, 0x9B, 0x80, 0xFF,
		  0xFF, 0xFF, 0xFF, 0xF5, 0xFF, 0xFF, 0x00, 0x00, 0x4A, 0xAB, 0x60, 0x02,
		  0x57, 0xFD, 0x3F, 0xFF, 0xFF, 0xFF, 0xEE, 0xBF, 0xFF, 0x20, 0x00, 0x00,
		  0x00, 0x00, 0x05, 0xAF, 0xFD, 0x92, 0xAB, 0x7F, 0xFF, 0xB2, 0xAE, 0xFF,
		  0x00, 0x00, 0x00, 0x00, 0x00, 0x15, 0x75, 0xFF, 0xC0, 0x00, 0x00, 0x2F,
		  0xEF, 0x7E, 0xFF, 0x00, 0x95, 0x40, 0x00, 0x81, 0x2A, 0x9F, 0xFF, 0xC0,
		  0x00, 0x00, 0x1F, 0xFD, 0xFE, 0xFF, 0x05, 0x55, 0x54, 0x00, 0x00, 0x85,
		  0x6B, 0xFF, 0xE0, 0x00, 0x00, 0x3F, 0xFF, 0xFE, 0xFF, 0x02, 0xAA, 0xA0,
		  0x16, 0x00, 0x52, 0xAD, 0xFF, 0xF0, 0x00, 0x00, 0x3F, 0xB7, 0xFD, 0xFF,
		  0x05, 0x6D, 0x5A, 0x7F, 0x01, 0x00, 0xAB, 0x7E, 0xD2, 0x00, 0x00, 0x3E,
		  0xFA, 0xFE, 0xFF, 0x05, 0x55, 0xA4, 0x3F, 0x00, 0x02, 0x55, 0xEF, 0xEF,
		  0xFF, 0xFE, 0xED, 0xDF, 0xBD, 0xFF, 0x02, 0xAA, 0xA8, 0x7F, 0x00, 0x00,
		  0x96, 0xFF, 0xF7, 0xFF, 0xFF, 0xFF, 0xF5, 0xFE, 0xFF, 0x04, 0x4A, 0x00,
		  0x7F, 0x00, 0x09, 0x55, 0x7E, 0xD7, 0xFF, 0xFF, 0xFF, 0xFF, 0xFF, 0xFF,
		  0x00, 0x00, 0x00, 0x00, 0x00, 0x24, 0xAB, 0xA5, 0x77, 0xFF, 0xFF, 0xFF,
		  0xEF, 0xFE, 0xFE, 0x00, 0x00, 0x00, 0x00, 0x00, 0x00, 0x5E, 0xA0, 0x35,
		  0x6E, 0xDB, 0xFF, 0xBA, 0xFD, 0x7F, 0x10, 0x00, 0x00, 0x00, 0x00, 0x00,
		  0x03, 0x55, 0xD8, 0x00, 0x00, 0x00, 0x00, 0x00, 0x2A, 0x41, 0x00, 0x22,
		  0x00, 0x00, 0x00, 0x09, 0x55, 0xE8, 0x00, 0x00, 0x00, 0x00, 0x00, 0x01,
		  0x28, 0x55, 0x08, 0x44, 0x01, 0x04, 0x02, 0xA8, 0xB2, 0x00, 0x00, 0x00,
		  0x00, 0x00, 0x00, 0x95, 0x00, 0x41, 0x11, 0x00, 0x21, 0x43, 0xA1, 0x5E,
		  0x00, 0x00, 0x00, 0x00, 0x00, 0x05, 0x42, 0x55, 0x28, 0x44, 0x04, 0x80,
		  0x01, 0x80, 0x14, 0x80, 0x00, 0x00, 0x00, 0x00, 0x00, 0x59, 0x20, 0x85,
		  0x10, 0x10, 0x00, 0x05, 0x80, 0x2C, 0x29, 0x29, 0x01, 0x25, 0x25, 0x25,
		  0x44, 0x95, 0x22, 0x40, 0x00, 0x00, 0x13, 0xA1, 0xDE, 0x80, 0x00, 0x54,
		  0x00, 0x00, 0x40, 0x29, 0x22, 0x11, 0x10, 0x00, 0x00, 0x01, 0xE2, 0x75,
		  0x12, 0x92, 0x00, 0x49, 0x24, 0x0A, 0x92, 0x48, 0xA4, 0x48, 0x08, 0x00,
		  0x01, 0xF5, 0xFE, 0x40, 0x00, 0x01, 0x00, 0x01, 0x41, 0x49, 0x25, 0x12,
		  0x20, 0x00, 0x00, 0x01, 0xFA, 0xFA, 0x09, 0x24, 0xA8, 0x12, 0x48, 0x14,
		  0x24, 0x90, 0x89, 0x08, 0x00, 0x40, 0x02, 0xFE, 0xF6, 0x40, 0x00, 0x01,
		  0x00, 0x01, 0x01, 0x92, 0x44, 0x40, 0xA4, 0x11, 0x14, 0x81, 0xF7, 0xFA,
		  0x12, 0x22, 0x04, 0x49, 0x24, 0x44, 0x49, 0x12, 0x95, 0x00, 0x00, 0x00,
		  0x09, 0x7F, 0xD6, 0x80, 0x80, 0xA0, 0x00, 0x00, 0x11, 0x24, 0xA4, 0x22,
		  0x54, 0x00, 0x00, 0x01, 0xF7, 0xDA, 0x24, 0x08, 0x04, 0x92, 0x42, 0x40,
		  0x92, 0x11, 0x48, 0x02, 0x00, 0x01, 0x00, 0x0B, 0x6E, 0x00, 0x42, 0x20,
		  0x00, 0x10, 0x05, 0x49, 0x44, 0x12, 0xA8, 0x04, 0x00, 0x00, 0x89, 0xD4,
		  0x92, 0x10, 0x84, 0x92, 0x42, 0x20, 0x22, 0x29, 0x44, 0x02, 0x00, 0x00,
		  0x00, 0x7D, 0xE8, 0x00, 0x82, 0x10, 0x00, 0x08, 0x82, 0x48, 0x82, 0x11,
		  0x51, 0x00, 0x02, 0x21, 0x3E, 0xB9, 0x48, 0x08, 0x02, 0x49, 0x20, 0x08,
		  0x25, 0x28, 0xA4, 0x08, 0xA4, 0x00, 0x01, 0x5A, 0xD4, 0x02, 0x40, 0x88,
		  0x00, 0x02, 0x20, 0x90, 0x85, 0x02, 0xA2, 0x00, 0x00, 0x02, 0xBF, 0x58,
		  0x48, 0x12, 0x20, 0x94, 0x88, 0x82, 0x4A, 0x50, 0x50, 0x08, 0xA8, 0x00,
		  0x00, 0x42, 0x51, 0x01, 0x00, 0x02, 0x00, 0x20, 0x08, 0x24, 0x8A, 0x8A,
		  0xA2, 0x00, 0x00, 0x00, 0x00, 0xA8, 0x24, 0x48, 0x88, 0x22, 0x02, 0x20,
		  0x49, 0x21, 0x21, 0x08, 0xA8, 0x00, 0x00, 0x3A, 0x54, 0x80, 0x02, 0x00,
		  0x88, 0x88, 0x00, 0x24, 0x4A, 0x14, 0x45, 0x00, 0x00, 0x01, 0x5D, 0x28,
		  0x12, 0x48, 0x48, 0x00, 0x20, 0x82, 0x91, 0x10, 0xA2, 0x20, 0x48, 0x00,
		  0x00, 0x27, 0x51, 0x00, 0x00, 0x01, 0x24, 0x82, 0x00, 0x4A, 0x4A, 0x09,
		  0x15, 0x10, 0x00, 0x00, 0x1A, 0xA0, 0x49, 0x22, 0x44, 0x00, 0x08, 0x00,
		  0x24, 0x91, 0x50, 0xA0, 0x44, 0x00, 0x00, 0x06, 0xA5, 0x00, 0x08, 0x10,
		  0x24, 0x40, 0x82, 0x92, 0x44, 0x85, 0x0A, 0x10, 0x00, 0x00, 0xF5, 0x40,
		  0x24, 0x81, 0x01, 0x01, 0x02, 0x20, 0x49, 0x29, 0x28, 0x41, 0x46, 0x00,
		  0x00, 0x5E, 0x88, 0x80, 0x24, 0x20, 0x24, 0x10, 0x00, 0x24, 0x84, 0x42,
		  0x28, 0x16, 0x00, 0x00, 0xAA, 0x82, 0x12, 0x00, 0x04, 0x80, 0x42, 0x20,
		  0x92, 0x52, 0x14, 0x82, 0x8E, 0x00, 0x00, 0x05, 0x90, 0x40, 0x91, 0x20,
		  0x09, 0x00, 0x80, 0x54, 0x89, 0x41, 0x28, 0x4F, 0x80, 0x00, 0x22, 0x84,
		  0x08, 0x04, 0x04, 0x40, 0x12, 0x08, 0x22, 0x44, 0x2A, 0x02, 0x3F, 0x80,
		  0x00, 0x0B, 0xD1, 0x22, 0x40, 0x90, 0x08, 0x80, 0x00, 0x94, 0x91, 0x40,
		  0xA8, 0xFF, 0xE0, 0x00, 0xAD, 0x80, 0x00, 0x10, 0x01, 0x22, 0x10, 0x92,
		  0x42, 0x4A, 0x15, 0x03, 0xFF, 0xE0, 0x01, 0x57, 0xE4, 0x91, 0x04, 0x44,
		  0x00, 0x42, 0x00, 0x29, 0x21, 0x40, 0x5F, 0xDF, 0xF8, 0x00, 0xAB, 0xF8,
		  0x04, 0x21, 0x00, 0x49, 0x00, 0x20, 0x94, 0x94, 0x2A, 0xBF, 0xFF, 0xFC,
		  0x00, 0x57, 0xFF, 0x20, 0x00, 0x11, 0x00, 0x11, 0x04, 0x42, 0x42, 0x83,
		  0xFF, 0xDF, 0xFE, 0x01, 0x4F, 0xFF, 0xC2, 0x48, 0x40, 0x04, 0x44, 0x10,
		  0x29, 0x29, 0x2F, 0xFF, 0xFF, 0xFF, 0x80, 0x9F, 0xFF, 0xF8, 0x02, 0x04,
		  0x41, 0x00, 0x40, 0x94, 0x84, 0x7F, 0xFF, 0xAF, 0xFF, 0xC0, 0x3F, 0xFF,
		  0xFF, 0x20, 0x10, 0x10, 0x01, 0x02, 0x42, 0x51, 0xFF, 0xFF, 0xFF, 0xFF,
		  0xF0, 0x7F, 0xFF, 0xFF, 0xC4, 0x81, 0x02, 0x24, 0x08, 0x29, 0x0F, 0xFF,
		  0xFF, 0xF7, 0xFF, 0xF0, 0xFF, 0xFF, 0xFF, 0xE0, 0x04, 0x08, 0x00, 0x20,
		  0x94, 0xFF, 0xFF, 0xFF, 0xDF, 0xFF, 0xE0, 0xFF, 0xFF, 0xFF, 0xF8, 0x40,
		  0x40, 0x88, 0x80, 0x43, 0xFF, 0xFF, 0xFF, 0xFD, 0xFF, 0x80, 0x3F, 0xFF,
		  0xFF, 0xFF, 0x11, 0x02, 0x00, 0x02, 0x2F, 0xFF, 0xFF, 0xFF, 0xFF, 0xFF,
		  0x00, 0x1F, 0xFF, 0xFF, 0xFF, 0xC0, 0x10, 0x22, 0x10, 0xBF, 0xFF, 0xFF,
		  0xFF, 0xFF, 0xFE, 0x00, 0x1F, 0xFF, 0xFF, 0xFF, 0xE4, 0x40, 0x80, 0x40,
};

/* Create diffrent frames for ball animation*/

// Bouncing ball animation - frame 0, 120x60, Adafruit GFX 1bpp format

const uint8_t ballFrame0[] = {

  0xFF, 0xFF, 0xFF, 0xFF, 0xFF, 0xFF, 0xFF, 0xFF, 0xFF, 0xFF, 0xFF, 0xFF,
  0xFF, 0xFF, 0xFF, 0xFF, 0xFF, 0xFF, 0xFF, 0xFF, 0xFF, 0xFF, 0xFF, 0xFF,
  0xFF, 0xFF, 0xFF, 0xFF, 0xFF, 0xFF, 0xFF, 0xFF, 0xFF, 0xFF, 0xFF, 0xFF,
  0xFF, 0xFF, 0xFF, 0xFF, 0xFF, 0xFF, 0xFF, 0xFF, 0xFF, 0xFF, 0xFF, 0xFF,
  0xFF, 0xFF, 0xFF, 0xFF, 0xFF, 0xFF, 0xFF, 0xFF, 0xFF, 0xFF, 0xFF, 0xFF,
  0xFF, 0xFF, 0xFF, 0xFF, 0xFF, 0xFF, 0xFF, 0xFF, 0xFF, 0xFF, 0xFF, 0xFF,
  0xFF, 0xFF, 0xFF, 0xFF, 0xFF, 0xFF, 0xFF, 0xFF, 0xFF, 0xFF, 0xFF, 0xFF,
  0xFF, 0xFF, 0xFF, 0xFF, 0xFF, 0xFF, 0xFF, 0xFF, 0xFF, 0xFF, 0xFF, 0xFF,
  0xFF, 0xFF, 0xFF, 0xFF, 0xFF, 0xFF, 0xFF, 0xFF, 0xFF, 0xFF, 0xFF, 0xFF,
  0xFF, 0xFF, 0xFF, 0xFF, 0xFF, 0xFF, 0xFF, 0xFF, 0xFF, 0xFF, 0xFF, 0xFF,
  0xFF, 0xFF, 0xFF, 0xFF, 0xFF, 0xFF, 0xFF, 0xFF, 0xFF, 0xFF, 0xFF, 0xFF,
  0xFF, 0xFF, 0xFF, 0xFF, 0xFF, 0xFF, 0xFF, 0xFF, 0xFF, 0xFF, 0xFF, 0xFF,
  0xFF, 0xFF, 0xFF, 0xFF, 0xFF, 0xFF, 0xFF, 0xFF, 0xFF, 0xFF, 0xFF, 0xFF,
  0xFF, 0xFF, 0xFF, 0xFF, 0xFF, 0xFF, 0xFF, 0xFF, 0xFF, 0xFF, 0xFF, 0xFF,
  0xFF, 0xFF, 0xFF, 0xFF, 0xFF, 0xFF, 0xFF, 0xFF, 0xFF, 0xFF, 0xFF, 0xFF,
  0xFF, 0xFF, 0xFF, 0xFF, 0xFF, 0xFF, 0xFF, 0xFF, 0xFF, 0xFF, 0xFF, 0xFF,
  0xFF, 0xFF, 0xFF, 0xFF, 0xFF, 0xFF, 0xFF, 0xFF, 0xFF, 0xFF, 0xFF, 0xFF,
  0xFF, 0xFF, 0xFF, 0xFF, 0xFF, 0xFF, 0xFF, 0xFF, 0xFF, 0xFF, 0xFF, 0xFF,
  0xFF, 0xFF, 0xFF, 0xFF, 0xFF, 0xFF, 0xFF, 0xFF, 0xFF, 0xFF, 0xFF, 0xFF,
  0xFF, 0xFF, 0xFF, 0xFF, 0xFF, 0xFF, 0xFF, 0xFF, 0xFF, 0xFF, 0xFF, 0xFF,
  0xFF, 0xFF, 0xFF, 0xFF, 0xFF, 0xFF, 0xFF, 0xFF, 0xFF, 0xFF, 0xFF, 0xFF,
  0xFF, 0xFF, 0xFF, 0xFF, 0xFF, 0xFF, 0xFF, 0xFF, 0xFF, 0xFF, 0xFF, 0xFF,
  0xFF, 0xFF, 0xFF, 0xFF, 0xFF, 0xFF, 0xFF, 0xFF, 0xFF, 0xFF, 0xFF, 0xFF,
  0xFF, 0xFF, 0xFF, 0xFF, 0xFF, 0xFF, 0xFF, 0xFF, 0xFF, 0xFF, 0xFF, 0xFF,
  0xFF, 0xFF, 0xFF, 0xFF, 0xFF, 0xFF, 0xFF, 0xFF, 0xFF, 0xFF, 0xFF, 0xFF,
  0xFF, 0xFF, 0xFF, 0xFF, 0xFF, 0xFF, 0xFF, 0xFF, 0xFF, 0xFF, 0xFF, 0xFF,
  0xFF, 0xFF, 0xFF, 0xFF, 0xFF, 0xFF, 0xFF, 0xFF, 0xFF, 0xFF, 0xFF, 0xFF,
  0xFF, 0xFF, 0xFF, 0xFF, 0xFF, 0xFF, 0xFF, 0xFF, 0xFF, 0xFF, 0xFF, 0xFF,
  0xFF, 0xFF, 0xFF, 0xFF, 0xFF, 0xFF, 0xFF, 0xFF, 0xFF, 0xFF, 0xFF, 0xFF,
  0xFF, 0xFF, 0xFF, 0xFF, 0xFF, 0xFF, 0xFF, 0xFF, 0xFF, 0xFF, 0xFF, 0xFF,
  0xFF, 0xFF, 0xFF, 0xFF, 0xFF, 0xFF, 0xFF, 0xFF, 0xFF, 0xFF, 0xFF, 0xFF,
  0xFF, 0xFF, 0xFF, 0xFF, 0xFF, 0xFF, 0xFF, 0xFF, 0xFF, 0xFF, 0xFF, 0xFF,
  0xFF, 0xFF, 0xFF, 0xFF, 0xFF, 0xFF, 0xFF, 0xFF, 0xFF, 0xFF, 0xFF, 0xFF,
  0xFF, 0xFF, 0xFF, 0xFF, 0xFF, 0xFF, 0xFF, 0xFF, 0xFF, 0xFF, 0xFF, 0xFF,
  0xFF, 0xFF, 0xFF, 0xFF, 0xFF, 0xFF, 0xFF, 0xFF, 0xFF, 0xFF, 0xFF, 0xFF,
  0xFF, 0xFF, 0xFF, 0xFF, 0xFF, 0xFF, 0xFF, 0xFF, 0xFF, 0xFF, 0xFF, 0xFF,
  0xFF, 0xFF, 0xFF, 0xFF, 0xFF, 0xFF, 0xFF, 0xFF, 0xFF, 0xFF, 0xFF, 0xFF,
  0xFF, 0xFF, 0xFF, 0xFF, 0xFF, 0xFF, 0xFF, 0xFF, 0xFF, 0xFF, 0xFF, 0xFF,
  0xFF, 0xFF, 0xFF, 0xFF, 0xFF, 0xFF, 0xFF, 0xFF, 0xFF, 0xFF, 0xFF, 0xFF,
  0xFF, 0xFF, 0xFF, 0xFF, 0xFF, 0xFF, 0xFF, 0xFF, 0xFF, 0xFF, 0xFF, 0xFF,
  0xFF, 0xFF, 0xFF, 0xFF, 0xFF, 0xFF, 0xFF, 0xFF, 0xFF, 0xFF, 0xFF, 0xFF,
  0xFF, 0xFF, 0xFF, 0xFF, 0xFF, 0xFF, 0xFF, 0xFF, 0xFF, 0xFF, 0xFF, 0xFF,
  0xFF, 0xFF, 0xFF, 0xFF, 0xFF, 0xFF, 0xFF, 0xFF, 0xFF, 0xFF, 0xFF, 0xFF,
  0xFF, 0xFF, 0xFF, 0xFF, 0xFF, 0xFF, 0xFF, 0xFF, 0xFF, 0xFF, 0xFF, 0xFF,
  0xFF, 0xFF, 0xFF, 0xFF, 0xFF, 0xFF, 0xFF, 0xFF, 0xFF, 0xFF, 0xFF, 0xFF,
  0xFF, 0xFF, 0xFF, 0xFF, 0xFF, 0xFF, 0xFF, 0xFF, 0xFF, 0xFF, 0xFF, 0xFF,
  0xFF, 0xFF, 0xFF, 0xFF, 0xFF, 0xFF, 0xFF, 0xFF, 0xFF, 0xFF, 0xFF, 0xFF,
  0xFF, 0xFF, 0xFF, 0xFF, 0xFF, 0xFF, 0xFF, 0xFF, 0xFF, 0xFF, 0xFF, 0xFF,
  0xFF, 0xFF, 0xFF, 0xFF, 0xFF, 0xFF, 0xFF, 0xFF, 0xFF, 0xFE, 0x03, 0xFF,
  0xFF, 0xFF, 0xFF, 0xFF, 0xFF, 0xFF, 0xFF, 0xFF, 0xFF, 0xFF, 0xFF, 0xFF,
  0xF8, 0x00, 0xFF, 0xFF, 0xFF, 0xFF, 0xFF, 0xFF, 0xFF, 0xFF, 0xFF, 0xFF,
  0xFF, 0xFF, 0xFF, 0xF0, 0x00, 0x7F, 0xFF, 0xFF, 0xFF, 0xFF, 0xFF, 0xFF,
  0xFF, 0xFF, 0xFF, 0xFF, 0xFF, 0xFF, 0xE0, 0x00, 0x3F, 0xFF, 0xFF, 0xFF,
  0xFF, 0xFF, 0xFF, 0xFF, 0xFF, 0xFF, 0xFF, 0xFF, 0xFF, 0xC0, 0x00, 0x1F,
  0xFF, 0xFF, 0xFF, 0xFF, 0xFF, 0xFF, 0xFF, 0xFF, 0xFF, 0xFF, 0xFF, 0xFF,
  0x80, 0x00, 0x0F, 0xFF, 0xFF, 0xFF, 0xFF, 0xFF, 0xFF, 0xFF, 0xFF, 0xFF,
  0xFF, 0xFF, 0xFF, 0x80, 0x00, 0x0F, 0xFF, 0xFF, 0xFF, 0xFF, 0xFF, 0xFF,
  0xFF, 0xFF, 0xFF, 0xFF, 0xFF, 0xFF, 0x00, 0x00, 0x07, 0xFF, 0xFF, 0xFF,
  0xFF, 0xFF, 0xFF, 0xFF, 0xFF, 0xFF, 0xFF, 0xFF, 0xFF, 0x00, 0x00, 0x07,
  0xFF, 0xFF, 0xFF, 0xFF, 0xFF, 0xFF, 0xFF, 0xFF, 0xFF, 0xFF, 0xFF, 0xFF,
  0x00, 0x00, 0x07, 0xFF, 0xFF, 0xFF, 0xFF, 0xFF, 0xFF, 0xFF, 0xFF, 0xFF,
  0xFF, 0xFF, 0xFF, 0x00, 0x00, 0x07, 0xFF, 0xFF, 0xFF, 0xFF, 0xFF, 0xFF,
  0xFF, 0xFF, 0xFF, 0xFF, 0xFF, 0xFF, 0x00, 0x00, 0x07, 0xFF, 0xFF, 0xFF,
  0xFF, 0xFF, 0xFF, 0xFF, 0xFF, 0xFF, 0xFF, 0xFF, 0xFF, 0x00, 0x00, 0x07,
  0xFF, 0xFF, 0xFF, 0xFF, 0xFF, 0xFF, 0xFF, 0xFF, 0xFF, 0xFF, 0xFF, 0xFF,
  0x00, 0x00, 0x07, 0xFF, 0xFF, 0xFF, 0xFF, 0xFF, 0xFF, 0xFF, 0xFF, 0xFF,
  0xFF, 0xFF, 0xFF, 0x80, 0x00, 0x0F, 0xFF, 0xFF, 0xFF, 0xFF, 0xFF, 0xFF,
  0xFF, 0xFF, 0xFF, 0xFF, 0xFF, 0xFF, 0x80, 0x00, 0x0F, 0xFF, 0xFF, 0xFF,
  0xFF, 0xFF, 0xFF, 0xFF, 0xFF, 0xFF, 0xFF, 0xFF, 0xFF, 0xC0, 0x00, 0x1F,
  0xFF, 0xFF, 0xFF, 0xFF, 0xFF, 0xFF, 0xFF, 0xFF, 0xFF, 0xFF, 0xFF, 0xFF,
  0xE0, 0x00, 0x3F, 0xFF, 0xFF, 0xFF, 0xFF, 0xFF, 0xFF, 0xFF, 0xFF, 0xFF,
  0xFF, 0xFF, 0xFF, 0xF0, 0x00, 0x7F, 0xFF, 0xFF, 0xFF, 0xFF, 0xFF, 0xFF,
  0xFF, 0xFF, 0xFF, 0xFF, 0xFF, 0xFF, 0xF8, 0x00, 0xFF, 0xFF, 0xFF, 0xFF,
  0xFF, 0xFF, 0xFF, 0xFF, 0xFF, 0xFF, 0xFF, 0xFF, 0xFF, 0x00, 0x00, 0x00,
  0x00, 0x00, 0x00, 0x00, 0x00, 0x00, 0x00, 0x00, 0x00, 0x00, 0x00, 0x00,
};

const uint8_t ballFrame1[] = {
  0xFF, 0xFF, 0xFF, 0xFF, 0xFF, 0xFF, 0xFF, 0xFF, 0xFF, 0xFF, 0xFF, 0xFF,
  0xFF, 0xFF, 0xFF, 0xFF, 0xFF, 0xFF, 0xFF, 0xFF, 0xFF, 0xFF, 0xFF, 0xFF,
  0xFF, 0xFF, 0xFF, 0xFF, 0xFF, 0xFF, 0xFF, 0xFF, 0xFF, 0xFF, 0xFF, 0xFF,
  0xFF, 0xFF, 0xFF, 0xFF, 0xFF, 0xFF, 0xFF, 0xFF, 0xFF, 0xFF, 0xFF, 0xFF,
  0xFF, 0xFF, 0xFF, 0xFF, 0xFF, 0xFF, 0xFF, 0xFF, 0xFF, 0xFF, 0xFF, 0xFF,
  0xFF, 0xFF, 0xFF, 0xFF, 0xFF, 0xFF, 0xFF, 0xFF, 0xFF, 0xFF, 0xFF, 0xFF,
  0xFF, 0xFF, 0xFF, 0xFF, 0xFF, 0xFF, 0xFF, 0xFF, 0xFF, 0xFF, 0xFF, 0xFF,
  0xFF, 0xFF, 0xFF, 0xFF, 0xFF, 0xFF, 0xFF, 0xFF, 0xFF, 0xFF, 0xFF, 0xFF,
  0xFF, 0xFF, 0xFF, 0xFF, 0xFF, 0xFF, 0xFF, 0xFF, 0xFF, 0xFF, 0xFF, 0xFF,
  0xFF, 0xFF, 0xFF, 0xFF, 0xFF, 0xFF, 0xFF, 0xFF, 0xFF, 0xFF, 0xFF, 0xFF,
  0xFF, 0xFF, 0xFF, 0xFF, 0xFF, 0xFF, 0xFF, 0xFF, 0xFF, 0xFF, 0xFF, 0xFF,
  0xFF, 0xFF, 0xFF, 0xFF, 0xFF, 0xFF, 0xFF, 0xFF, 0xFF, 0xFF, 0xFF, 0xFF,
  0xFF, 0xFF, 0xFF, 0xFF, 0xFF, 0xFF, 0xFF, 0xFF, 0xFF, 0xFF, 0xFF, 0xFF,
  0xFF, 0xFF, 0xFF, 0xFF, 0xFF, 0xFF, 0xFF, 0xFF, 0xFF, 0xFF, 0xFF, 0xFF,
  0xFF, 0xFF, 0xFF, 0xFF, 0xFF, 0xFF, 0xFF, 0xFF, 0xFF, 0xFF, 0xFF, 0xFF,
  0xFF, 0xFF, 0xFF, 0xFF, 0xFF, 0xFF, 0xFF, 0xFF, 0xFF, 0xFF, 0xFF, 0xFF,
  0xFF, 0xFF, 0xFF, 0xFF, 0xFF, 0xC0, 0x7F, 0xFF, 0xFF, 0xFF, 0xFF, 0xFF,
  0xFF, 0xFF, 0xFF, 0xFF, 0xFF, 0xFF, 0xFF, 0xFF, 0x00, 0x1F, 0xFF, 0xFF,
  0xFF, 0xFF, 0xFF, 0xFF, 0xFF, 0xFF, 0xFF, 0xFF, 0xFF, 0xFF, 0xFE, 0x00,
  0x0F, 0xFF, 0xFF, 0xFF, 0xFF, 0xFF, 0xFF, 0xFF, 0xFF, 0xFF, 0xFF, 0xFF,
  0xFF, 0xFC, 0x00, 0x07, 0xFF, 0xFF, 0xFF, 0xFF, 0xFF, 0xFF, 0xFF, 0xFF,
  0xFF, 0xFF, 0xFF, 0xFF, 0xF8, 0x00, 0x03, 0xFF, 0xFF, 0xFF, 0xFF, 0xFF,
  0xFF, 0xFF, 0xFF, 0xFF, 0xFF, 0xFF, 0xFF, 0xF0, 0x00, 0x01, 0xFF, 0xFF,
  0xFF, 0xFF, 0xFF, 0xFF, 0xFF, 0xFF, 0xFF, 0xFF, 0xFF, 0xFF, 0xF0, 0x00,
  0x01, 0xFF, 0xFF, 0xFF, 0xFF, 0xFF, 0xFF, 0xFF, 0xFF, 0xFF, 0xFF, 0xFF,
  0xFF, 0xE0, 0x00, 0x00, 0xFF, 0xFF, 0xFF, 0xFF, 0xFF, 0xFF, 0xFF, 0xFF,
  0xFF, 0xFF, 0xFF, 0xFF, 0xE0, 0x00, 0x00, 0xFF, 0xFF, 0xFF, 0xFF, 0xFF,
  0xFF, 0xFF, 0xFF, 0xFF, 0xFF, 0xFF, 0xFF, 0xE0, 0x00, 0x00, 0xFF, 0xFF,
  0xFF, 0xFF, 0xFF, 0xFF, 0xFF, 0xFF, 0xFF, 0xFF, 0xFF, 0xFF, 0xE0, 0x00,
  0x00, 0xFF, 0xFF, 0xFF, 0xFF, 0xFF, 0xFF, 0xFF, 0xFF, 0xFF, 0xFF, 0xFF,
  0xFF, 0xE0, 0x00, 0x00, 0xFF, 0xFF, 0xFF, 0xFF, 0xFF, 0xFF, 0xFF, 0xFF,
  0xFF, 0xFF, 0xFF, 0xFF, 0xE0, 0x00, 0x00, 0xFF, 0xFF, 0xFF, 0xFF, 0xFF,
  0xFF, 0xFF, 0xFF, 0xFF, 0xFF, 0xFF, 0xFF, 0xE0, 0x00, 0x00, 0xFF, 0xFF,
  0xFF, 0xFF, 0xFF, 0xFF, 0xFF, 0xFF, 0xFF, 0xFF, 0xFF, 0xFF, 0xF0, 0x00,
  0x01, 0xFF, 0xFF, 0xFF, 0xFF, 0xFF, 0xFF, 0xFF, 0xFF, 0xFF, 0xFF, 0xFF,
  0xFF, 0xF0, 0x00, 0x01, 0xFF, 0xFF, 0xFF, 0xFF, 0xFF, 0xFF, 0xFF, 0xFF,
  0xFF, 0xFF, 0xFF, 0xFF, 0xF8, 0x00, 0x03, 0xFF, 0xFF, 0xFF, 0xFF, 0xFF,
  0xFF, 0xFF, 0xFF, 0xFF, 0xFF, 0xFF, 0xFF, 0xFC, 0x00, 0x07, 0xFF, 0xFF,
  0xFF, 0xFF, 0xFF, 0xFF, 0xFF, 0xFF, 0xFF, 0xFF, 0xFF, 0xFF, 0xFE, 0x00,
  0x0F, 0xFF, 0xFF, 0xFF, 0xFF, 0xFF, 0xFF, 0xFF, 0xFF, 0xFF, 0xFF, 0xFF,
  0xFF, 0xFF, 0x00, 0x1F, 0xFF, 0xFF, 0xFF, 0xFF, 0xFF, 0xFF, 0xFF, 0xFF,
  0xFF, 0xFF, 0xFF, 0xFF, 0xFF, 0xC0, 0x7F, 0xFF, 0xFF, 0xFF, 0xFF, 0xFF,
  0xFF, 0xFF, 0xFF, 0xFF, 0xFF, 0xFF, 0xFF, 0xFF, 0xFF, 0xFF, 0xFF, 0xFF,
  0xFF, 0xFF, 0xFF, 0xFF, 0xFF, 0xFF, 0xFF, 0xFF, 0xFF, 0xFF, 0xFF, 0xFF,
  0xFF, 0xFF, 0xFF, 0xFF, 0xFF, 0xFF, 0xFF, 0xFF, 0xFF, 0xFF, 0xFF, 0xFF,
  0xFF, 0xFF, 0xFF, 0xFF, 0xFF, 0xFF, 0xFF, 0xFF, 0xFF, 0xFF, 0xFF, 0xFF,
  0xFF, 0xFF, 0xFF, 0xFF, 0xFF, 0xFF, 0xFF, 0xFF, 0xFF, 0xFF, 0xFF, 0xFF,
  0xFF, 0xFF, 0xFF, 0xFF, 0xFF, 0xFF, 0xFF, 0xFF, 0xFF, 0xFF, 0xFF, 0xFF,
  0xFF, 0xFF, 0xFF, 0xFF, 0xFF, 0xFF, 0xFF, 0xFF, 0xFF, 0xFF, 0xFF, 0xFF,
  0xFF, 0xFF, 0xFF, 0xFF, 0xFF, 0xFF, 0xFF, 0xFF, 0xFF, 0xFF, 0xFF, 0xFF,
  0xFF, 0xFF, 0xFF, 0xFF, 0xFF, 0xFF, 0xFF, 0xFF, 0xFF, 0xFF, 0xFF, 0xFF,
  0xFF, 0xFF, 0xFF, 0xFF, 0xFF, 0xFF, 0xFF, 0xFF, 0xFF, 0xFF, 0xFF, 0xFF,
  0xFF, 0xFF, 0xFF, 0xFF, 0xFF, 0xFF, 0xFF, 0xFF, 0xFF, 0xFF, 0xFF, 0xFF,
  0xFF, 0xFF, 0xFF, 0xFF, 0xFF, 0xFF, 0xFF, 0xFF, 0xFF, 0xFF, 0xFF, 0xFF,
  0xFF, 0xFF, 0xFF, 0xFF, 0xFF, 0xFF, 0xFF, 0xFF, 0xFF, 0xFF, 0xFF, 0xFF,
  0xFF, 0xFF, 0xFF, 0xFF, 0xFF, 0xFF, 0xFF, 0xFF, 0xFF, 0xFF, 0xFF, 0xFF,
  0xFF, 0xFF, 0xFF, 0xFF, 0xFF, 0xFF, 0xFF, 0xFF, 0xFF, 0xFF, 0xFF, 0xFF,
  0xFF, 0xFF, 0xFF, 0xFF, 0xFF, 0xFF, 0xFF, 0xFF, 0xFF, 0xFF, 0xFF, 0xFF,
  0xFF, 0xFF, 0xFF, 0xFF, 0xFF, 0xFF, 0xFF, 0xFF, 0xFF, 0xFF, 0xFF, 0xFF,
  0xFF, 0xFF, 0xFF, 0xFF, 0xFF, 0xFF, 0xFF, 0xFF, 0xFF, 0xFF, 0xFF, 0xFF,
  0xFF, 0xFF, 0xFF, 0xFF, 0xFF, 0xFF, 0xFF, 0xFF, 0xFF, 0xFF, 0xFF, 0xFF,
  0xFF, 0xFF, 0xFF, 0xFF, 0xFF, 0xFF, 0xFF, 0xFF, 0xFF, 0xFF, 0xFF, 0xFF,
  0xFF, 0xFF, 0xFF, 0xFF, 0xFF, 0xFF, 0xFF, 0xFF, 0xFF, 0xFF, 0xFF, 0xFF,
  0xFF, 0xFF, 0xFF, 0xFF, 0xFF, 0xFF, 0xFF, 0xFF, 0xFF, 0xFF, 0xFF, 0xFF,
  0xFF, 0xFF, 0xFF, 0xFF, 0xFF, 0xFF, 0xFF, 0xFF, 0xFF, 0xFF, 0xFF, 0xFF,
  0xFF, 0xFF, 0xFF, 0xFF, 0xFF, 0xFF, 0xFF, 0xFF, 0xFF, 0xFF, 0xFF, 0xFF,
  0xFF, 0xFF, 0xFF, 0xFF, 0xFF, 0xFF, 0xFF, 0xFF, 0xFF, 0xFF, 0xFF, 0xFF,
  0xFF, 0xFF, 0xFF, 0xFF, 0xFF, 0xFF, 0xFF, 0xFF, 0xFF, 0xFF, 0xFF, 0xFF,
  0xFF, 0xFF, 0xFF, 0xFF, 0xFF, 0xFF, 0xFF, 0xFF, 0xFF, 0xFF, 0xFF, 0xFF,
  0xFF, 0xFF, 0xFF, 0xFF, 0xFF, 0xFF, 0xFF, 0xFF, 0xFF, 0xFF, 0xFF, 0xFF,
  0xFF, 0xFF, 0xFF, 0xFF, 0xFF, 0xFF, 0xFF, 0xFF, 0xFF, 0xFF, 0xFF, 0xFF,
  0xFF, 0xFF, 0xFF, 0xFF, 0xFF, 0xFF, 0xFF, 0xFF, 0xFF, 0xFF, 0xFF, 0xFF,
  0xFF, 0xFF, 0xFF, 0xFF, 0xFF, 0xFF, 0xFF, 0xFF, 0xFF, 0xFF, 0xFF, 0xFF,
  0xFF, 0xFF, 0xFF, 0xFF, 0xFF, 0xFF, 0xFF, 0xFF, 0xFF, 0x00, 0x00, 0x00,
  0x00, 0x00, 0x00, 0x00, 0x00, 0x00, 0x00, 0x00, 0x00, 0x00, 0x00, 0x00,
};


const uint8_t ballFrame2[] = {
  0xFF, 0xFF, 0xFF, 0xF8, 0x0F, 0xFF, 0xFF, 0xFF, 0xFF, 0xFF, 0xFF, 0xFF,
  0xFF, 0xFF, 0xFF, 0xFF, 0xFF, 0xFF, 0xE0, 0x03, 0xFF, 0xFF, 0xFF, 0xFF,
  0xFF, 0xFF, 0xFF, 0xFF, 0xFF, 0xFF, 0xFF, 0xFF, 0xFF, 0xC0, 0x01, 0xFF,
  0xFF, 0xFF, 0xFF, 0xFF, 0xFF, 0xFF, 0xFF, 0xFF, 0xFF, 0xFF, 0xFF, 0xFF,
  0x80, 0x00, 0xFF, 0xFF, 0xFF, 0xFF, 0xFF, 0xFF, 0xFF, 0xFF, 0xFF, 0xFF,
  0xFF, 0xFF, 0xFF, 0x00, 0x00, 0x7F, 0xFF, 0xFF, 0xFF, 0xFF, 0xFF, 0xFF,
  0xFF, 0xFF, 0xFF, 0xFF, 0xFF, 0xFE, 0x00, 0x00, 0x3F, 0xFF, 0xFF, 0xFF,
  0xFF, 0xFF, 0xFF, 0xFF, 0xFF, 0xFF, 0xFF, 0xFF, 0xFE, 0x00, 0x00, 0x3F,
  0xFF, 0xFF, 0xFF, 0xFF, 0xFF, 0xFF, 0xFF, 0xFF, 0xFF, 0xFF, 0xFF, 0xFC,
  0x00, 0x00, 0x1F, 0xFF, 0xFF, 0xFF, 0xFF, 0xFF, 0xFF, 0xFF, 0xFF, 0xFF,
  0xFF, 0xFF, 0xFC, 0x00, 0x00, 0x1F, 0xFF, 0xFF, 0xFF, 0xFF, 0xFF, 0xFF,
  0xFF, 0xFF, 0xFF, 0xFF, 0xFF, 0xFC, 0x00, 0x00, 0x1F, 0xFF, 0xFF, 0xFF,
  0xFF, 0xFF, 0xFF, 0xFF, 0xFF, 0xFF, 0xFF, 0xFF, 0xFC, 0x00, 0x00, 0x1F,
  0xFF, 0xFF, 0xFF, 0xFF, 0xFF, 0xFF, 0xFF, 0xFF, 0xFF, 0xFF, 0xFF, 0xFC,
  0x00, 0x00, 0x1F, 0xFF, 0xFF, 0xFF, 0xFF, 0xFF, 0xFF, 0xFF, 0xFF, 0xFF,
  0xFF, 0xFF, 0xFC, 0x00, 0x00, 0x1F, 0xFF, 0xFF, 0xFF, 0xFF, 0xFF, 0xFF,
  0xFF, 0xFF, 0xFF, 0xFF, 0xFF, 0xFC, 0x00, 0x00, 0x1F, 0xFF, 0xFF, 0xFF,
  0xFF, 0xFF, 0xFF, 0xFF, 0xFF, 0xFF, 0xFF, 0xFF, 0xFE, 0x00, 0x00, 0x3F,
  0xFF, 0xFF, 0xFF, 0xFF, 0xFF, 0xFF, 0xFF, 0xFF, 0xFF, 0xFF, 0xFF, 0xFE,
  0x00, 0x00, 0x3F, 0xFF, 0xFF, 0xFF, 0xFF, 0xFF, 0xFF, 0xFF, 0xFF, 0xFF,
  0xFF, 0xFF, 0xFF, 0x00, 0x00, 0x7F, 0xFF, 0xFF, 0xFF, 0xFF, 0xFF, 0xFF,
  0xFF, 0xFF, 0xFF, 0xFF, 0xFF, 0xFF, 0x80, 0x00, 0xFF, 0xFF, 0xFF, 0xFF,
  0xFF, 0xFF, 0xFF, 0xFF, 0xFF, 0xFF, 0xFF, 0xFF, 0xFF, 0xC0, 0x01, 0xFF,
  0xFF, 0xFF, 0xFF, 0xFF, 0xFF, 0xFF, 0xFF, 0xFF, 0xFF, 0xFF, 0xFF, 0xFF,
  0xE0, 0x03, 0xFF, 0xFF, 0xFF, 0xFF, 0xFF, 0xFF, 0xFF, 0xFF, 0xFF, 0xFF,
  0xFF, 0xFF, 0xFF, 0xF8, 0x0F, 0xFF, 0xFF, 0xFF, 0xFF, 0xFF, 0xFF, 0xFF,
  0xFF, 0xFF, 0xFF, 0xFF, 0xFF, 0xFF, 0xFF, 0xFF, 0xFF, 0xFF, 0xFF, 0xFF,
  0xFF, 0xFF, 0xFF, 0xFF, 0xFF, 0xFF, 0xFF, 0xFF, 0xFF, 0xFF, 0xFF, 0xFF,
  0xFF, 0xFF, 0xFF, 0xFF, 0xFF, 0xFF, 0xFF, 0xFF, 0xFF, 0xFF, 0xFF, 0xFF,
  0xFF, 0xFF, 0xFF, 0xFF, 0xFF, 0xFF, 0xFF, 0xFF, 0xFF, 0xFF, 0xFF, 0xFF,
  0xFF, 0xFF, 0xFF, 0xFF, 0xFF, 0xFF, 0xFF, 0xFF, 0xFF, 0xFF, 0xFF, 0xFF,
  0xFF, 0xFF, 0xFF, 0xFF, 0xFF, 0xFF, 0xFF, 0xFF, 0xFF, 0xFF, 0xFF, 0xFF,
  0xFF, 0xFF, 0xFF, 0xFF, 0xFF, 0xFF, 0xFF, 0xFF, 0xFF, 0xFF, 0xFF, 0xFF,
  0xFF, 0xFF, 0xFF, 0xFF, 0xFF, 0xFF, 0xFF, 0xFF, 0xFF, 0xFF, 0xFF, 0xFF,
  0xFF, 0xFF, 0xFF, 0xFF, 0xFF, 0xFF, 0xFF, 0xFF, 0xFF, 0xFF, 0xFF, 0xFF,
  0xFF, 0xFF, 0xFF, 0xFF, 0xFF, 0xFF, 0xFF, 0xFF, 0xFF, 0xFF, 0xFF, 0xFF,
  0xFF, 0xFF, 0xFF, 0xFF, 0xFF, 0xFF, 0xFF, 0xFF, 0xFF, 0xFF, 0xFF, 0xFF,
  0xFF, 0xFF, 0xFF, 0xFF, 0xFF, 0xFF, 0xFF, 0xFF, 0xFF, 0xFF, 0xFF, 0xFF,
  0xFF, 0xFF, 0xFF, 0xFF, 0xFF, 0xFF, 0xFF, 0xFF, 0xFF, 0xFF, 0xFF, 0xFF,
  0xFF, 0xFF, 0xFF, 0xFF, 0xFF, 0xFF, 0xFF, 0xFF, 0xFF, 0xFF, 0xFF, 0xFF,
  0xFF, 0xFF, 0xFF, 0xFF, 0xFF, 0xFF, 0xFF, 0xFF, 0xFF, 0xFF, 0xFF, 0xFF,
  0xFF, 0xFF, 0xFF, 0xFF, 0xFF, 0xFF, 0xFF, 0xFF, 0xFF, 0xFF, 0xFF, 0xFF,
  0xFF, 0xFF, 0xFF, 0xFF, 0xFF, 0xFF, 0xFF, 0xFF, 0xFF, 0xFF, 0xFF, 0xFF,
  0xFF, 0xFF, 0xFF, 0xFF, 0xFF, 0xFF, 0xFF, 0xFF, 0xFF, 0xFF, 0xFF, 0xFF,
  0xFF, 0xFF, 0xFF, 0xFF, 0xFF, 0xFF, 0xFF, 0xFF, 0xFF, 0xFF, 0xFF, 0xFF,
  0xFF, 0xFF, 0xFF, 0xFF, 0xFF, 0xFF, 0xFF, 0xFF, 0xFF, 0xFF, 0xFF, 0xFF,
  0xFF, 0xFF, 0xFF, 0xFF, 0xFF, 0xFF, 0xFF, 0xFF, 0xFF, 0xFF, 0xFF, 0xFF,
  0xFF, 0xFF, 0xFF, 0xFF, 0xFF, 0xFF, 0xFF, 0xFF, 0xFF, 0xFF, 0xFF, 0xFF,
  0xFF, 0xFF, 0xFF, 0xFF, 0xFF, 0xFF, 0xFF, 0xFF, 0xFF, 0xFF, 0xFF, 0xFF,
  0xFF, 0xFF, 0xFF, 0xFF, 0xFF, 0xFF, 0xFF, 0xFF, 0xFF, 0xFF, 0xFF, 0xFF,
  0xFF, 0xFF, 0xFF, 0xFF, 0xFF, 0xFF, 0xFF, 0xFF, 0xFF, 0xFF, 0xFF, 0xFF,
  0xFF, 0xFF, 0xFF, 0xFF, 0xFF, 0xFF, 0xFF, 0xFF, 0xFF, 0xFF, 0xFF, 0xFF,
  0xFF, 0xFF, 0xFF, 0xFF, 0xFF, 0xFF, 0xFF, 0xFF, 0xFF, 0xFF, 0xFF, 0xFF,
  0xFF, 0xFF, 0xFF, 0xFF, 0xFF, 0xFF, 0xFF, 0xFF, 0xFF, 0xFF, 0xFF, 0xFF,
  0xFF, 0xFF, 0xFF, 0xFF, 0xFF, 0xFF, 0xFF, 0xFF, 0xFF, 0xFF, 0xFF, 0xFF,
  0xFF, 0xFF, 0xFF, 0xFF, 0xFF, 0xFF, 0xFF, 0xFF, 0xFF, 0xFF, 0xFF, 0xFF,
  0xFF, 0xFF, 0xFF, 0xFF, 0xFF, 0xFF, 0xFF, 0xFF, 0xFF, 0xFF, 0xFF, 0xFF,
  0xFF, 0xFF, 0xFF, 0xFF, 0xFF, 0xFF, 0xFF, 0xFF, 0xFF, 0xFF, 0xFF, 0xFF,
  0xFF, 0xFF, 0xFF, 0xFF, 0xFF, 0xFF, 0xFF, 0xFF, 0xFF, 0xFF, 0xFF, 0xFF,
  0xFF, 0xFF, 0xFF, 0xFF, 0xFF, 0xFF, 0xFF, 0xFF, 0xFF, 0xFF, 0xFF, 0xFF,
  0xFF, 0xFF, 0xFF, 0xFF, 0xFF, 0xFF, 0xFF, 0xFF, 0xFF, 0xFF, 0xFF, 0xFF,
  0xFF, 0xFF, 0xFF, 0xFF, 0xFF, 0xFF, 0xFF, 0xFF, 0xFF, 0xFF, 0xFF, 0xFF,
  0xFF, 0xFF, 0xFF, 0xFF, 0xFF, 0xFF, 0xFF, 0xFF, 0xFF, 0xFF, 0xFF, 0xFF,
  0xFF, 0xFF, 0xFF, 0xFF, 0xFF, 0xFF, 0xFF, 0xFF, 0xFF, 0xFF, 0xFF, 0xFF,
  0xFF, 0xFF, 0xFF, 0xFF, 0xFF, 0xFF, 0xFF, 0xFF, 0xFF, 0xFF, 0xFF, 0xFF,
  0xFF, 0xFF, 0xFF, 0xFF, 0xFF, 0xFF, 0xFF, 0xFF, 0xFF, 0xFF, 0xFF, 0xFF,
  0xFF, 0xFF, 0xFF, 0xFF, 0xFF, 0xFF, 0xFF, 0xFF, 0xFF, 0xFF, 0xFF, 0xFF,
  0xFF, 0xFF, 0xFF, 0xFF, 0xFF, 0xFF, 0xFF, 0xFF, 0xFF, 0xFF, 0xFF, 0xFF,
  0xFF, 0xFF, 0xFF, 0xFF, 0xFF, 0xFF, 0xFF, 0xFF, 0xFF, 0xFF, 0xFF, 0xFF,
  0xFF, 0xFF, 0xFF, 0xFF, 0xFF, 0xFF, 0xFF, 0xFF, 0xFF, 0xFF, 0xFF, 0xFF,
  0xFF, 0xFF, 0xFF, 0xFF, 0xFF, 0xFF, 0xFF, 0xFF, 0xFF, 0xFF, 0xFF, 0xFF,
  0xFF, 0xFF, 0xFF, 0xFF, 0xFF, 0xFF, 0xFF, 0xFF, 0xFF, 0xFF, 0xFF, 0xFF,
  0xFF, 0xFF, 0xFF, 0xFF, 0xFF, 0xFF, 0xFF, 0xFF, 0xFF, 0xFF, 0xFF, 0xFF,
  0xFF, 0xFF, 0xFF, 0xFF, 0xFF, 0xFF, 0xFF, 0xFF, 0xFF, 0x00, 0x00, 0x00,
  0x00, 0x00, 0x00, 0x00, 0x00, 0x00, 0x00, 0x00, 0x00, 0x00, 0x00, 0x00,
};


const uint8_t ballFrame3[]  = {
  0xFF, 0xFF, 0xFF, 0xFF, 0xFF, 0xFF, 0xFF, 0xFF, 0xFF, 0xFF, 0xFF, 0xFF,
  0xFF, 0xFF, 0xFF, 0xFF, 0xFF, 0xFF, 0xFF, 0xFF, 0xFF, 0xFF, 0xFF, 0xFF,
  0xFF, 0xFF, 0xFF, 0xFF, 0xFF, 0xFF, 0xFF, 0xFF, 0xFF, 0xFF, 0xFF, 0xFF,
  0xFF, 0xFF, 0xFF, 0xFF, 0xFF, 0xFF, 0xFF, 0xFF, 0xFF, 0xFF, 0xFF, 0xFF,
  0xFF, 0xFF, 0xFF, 0xFF, 0xFF, 0xFF, 0xFF, 0xFF, 0xFF, 0xFF, 0xFF, 0xFF,
  0xFF, 0xFF, 0xFF, 0xFF, 0xFF, 0xFF, 0xFF, 0xFF, 0xFF, 0xFF, 0xFF, 0xFF,
  0xFF, 0xFF, 0xFF, 0xFF, 0xFF, 0xFF, 0xFF, 0xFF, 0x01, 0xFF, 0xFF, 0xFF,
  0xFF, 0xFF, 0xFF, 0xFF, 0xFF, 0xFF, 0xFF, 0xFF, 0xFF, 0xFF, 0xFC, 0x00,
  0x7F, 0xFF, 0xFF, 0xFF, 0xFF, 0xFF, 0xFF, 0xFF, 0xFF, 0xFF, 0xFF, 0xFF,
  0xFF, 0xF8, 0x00, 0x3F, 0xFF, 0xFF, 0xFF, 0xFF, 0xFF, 0xFF, 0xFF, 0xFF,
  0xFF, 0xFF, 0xFF, 0xFF, 0xF0, 0x00, 0x1F, 0xFF, 0xFF, 0xFF, 0xFF, 0xFF,
  0xFF, 0xFF, 0xFF, 0xFF, 0xFF, 0xFF, 0xFF, 0xE0, 0x00, 0x0F, 0xFF, 0xFF,
  0xFF, 0xFF, 0xFF, 0xFF, 0xFF, 0xFF, 0xFF, 0xFF, 0xFF, 0xFF, 0xC0, 0x00,
  0x07, 0xFF, 0xFF, 0xFF, 0xFF, 0xFF, 0xFF, 0xFF, 0xFF, 0xFF, 0xFF, 0xFF,
  0xFF, 0xC0, 0x00, 0x07, 0xFF, 0xFF, 0xFF, 0xFF, 0xFF, 0xFF, 0xFF, 0xFF,
  0xFF, 0xFF, 0xFF, 0xFF, 0x80, 0x00, 0x03, 0xFF, 0xFF, 0xFF, 0xFF, 0xFF,
  0xFF, 0xFF, 0xFF, 0xFF, 0xFF, 0xFF, 0xFF, 0x80, 0x00, 0x03, 0xFF, 0xFF,
  0xFF, 0xFF, 0xFF, 0xFF, 0xFF, 0xFF, 0xFF, 0xFF, 0xFF, 0xFF, 0x80, 0x00,
  0x03, 0xFF, 0xFF, 0xFF, 0xFF, 0xFF, 0xFF, 0xFF, 0xFF, 0xFF, 0xFF, 0xFF,
  0xFF, 0x80, 0x00, 0x03, 0xFF, 0xFF, 0xFF, 0xFF, 0xFF, 0xFF, 0xFF, 0xFF,
  0xFF, 0xFF, 0xFF, 0xFF, 0x80, 0x00, 0x03, 0xFF, 0xFF, 0xFF, 0xFF, 0xFF,
  0xFF, 0xFF, 0xFF, 0xFF, 0xFF, 0xFF, 0xFF, 0x80, 0x00, 0x03, 0xFF, 0xFF,
  0xFF, 0xFF, 0xFF, 0xFF, 0xFF, 0xFF, 0xFF, 0xFF, 0xFF, 0xFF, 0x80, 0x00,
  0x03, 0xFF, 0xFF, 0xFF, 0xFF, 0xFF, 0xFF, 0xFF, 0xFF, 0xFF, 0xFF, 0xFF,
  0xFF, 0xC0, 0x00, 0x07, 0xFF, 0xFF, 0xFF, 0xFF, 0xFF, 0xFF, 0xFF, 0xFF,
  0xFF, 0xFF, 0xFF, 0xFF, 0xC0, 0x00, 0x07, 0xFF, 0xFF, 0xFF, 0xFF, 0xFF,
  0xFF, 0xFF, 0xFF, 0xFF, 0xFF, 0xFF, 0xFF, 0xE0, 0x00, 0x0F, 0xFF, 0xFF,
  0xFF, 0xFF, 0xFF, 0xFF, 0xFF, 0xFF, 0xFF, 0xFF, 0xFF, 0xFF, 0xF0, 0x00,
  0x1F, 0xFF, 0xFF, 0xFF, 0xFF, 0xFF, 0xFF, 0xFF, 0xFF, 0xFF, 0xFF, 0xFF,
  0xFF, 0xF8, 0x00, 0x3F, 0xFF, 0xFF, 0xFF, 0xFF, 0xFF, 0xFF, 0xFF, 0xFF,
  0xFF, 0xFF, 0xFF, 0xFF, 0xFC, 0x00, 0x7F, 0xFF, 0xFF, 0xFF, 0xFF, 0xFF,
  0xFF, 0xFF, 0xFF, 0xFF, 0xFF, 0xFF, 0xFF, 0xFF, 0x01, 0xFF, 0xFF, 0xFF,
  0xFF, 0xFF, 0xFF, 0xFF, 0xFF, 0xFF, 0xFF, 0xFF, 0xFF, 0xFF, 0xFF, 0xFF,
  0xFF, 0xFF, 0xFF, 0xFF, 0xFF, 0xFF, 0xFF, 0xFF, 0xFF, 0xFF, 0xFF, 0xFF,
  0xFF, 0xFF, 0xFF, 0xFF, 0xFF, 0xFF, 0xFF, 0xFF, 0xFF, 0xFF, 0xFF, 0xFF,
  0xFF, 0xFF, 0xFF, 0xFF, 0xFF, 0xFF, 0xFF, 0xFF, 0xFF, 0xFF, 0xFF, 0xFF,
  0xFF, 0xFF, 0xFF, 0xFF, 0xFF, 0xFF, 0xFF, 0xFF, 0xFF, 0xFF, 0xFF, 0xFF,
  0xFF, 0xFF, 0xFF, 0xFF, 0xFF, 0xFF, 0xFF, 0xFF, 0xFF, 0xFF, 0xFF, 0xFF,
  0xFF, 0xFF, 0xFF, 0xFF, 0xFF, 0xFF, 0xFF, 0xFF, 0xFF, 0xFF, 0xFF, 0xFF,
  0xFF, 0xFF, 0xFF, 0xFF, 0xFF, 0xFF, 0xFF, 0xFF, 0xFF, 0xFF, 0xFF, 0xFF,
  0xFF, 0xFF, 0xFF, 0xFF, 0xFF, 0xFF, 0xFF, 0xFF, 0xFF, 0xFF, 0xFF, 0xFF,
  0xFF, 0xFF, 0xFF, 0xFF, 0xFF, 0xFF, 0xFF, 0xFF, 0xFF, 0xFF, 0xFF, 0xFF,
  0xFF, 0xFF, 0xFF, 0xFF, 0xFF, 0xFF, 0xFF, 0xFF, 0xFF, 0xFF, 0xFF, 0xFF,
  0xFF, 0xFF, 0xFF, 0xFF, 0xFF, 0xFF, 0xFF, 0xFF, 0xFF, 0xFF, 0xFF, 0xFF,
  0xFF, 0xFF, 0xFF, 0xFF, 0xFF, 0xFF, 0xFF, 0xFF, 0xFF, 0xFF, 0xFF, 0xFF,
  0xFF, 0xFF, 0xFF, 0xFF, 0xFF, 0xFF, 0xFF, 0xFF, 0xFF, 0xFF, 0xFF, 0xFF,
  0xFF, 0xFF, 0xFF, 0xFF, 0xFF, 0xFF, 0xFF, 0xFF, 0xFF, 0xFF, 0xFF, 0xFF,
  0xFF, 0xFF, 0xFF, 0xFF, 0xFF, 0xFF, 0xFF, 0xFF, 0xFF, 0xFF, 0xFF, 0xFF,
  0xFF, 0xFF, 0xFF, 0xFF, 0xFF, 0xFF, 0xFF, 0xFF, 0xFF, 0xFF, 0xFF, 0xFF,
  0xFF, 0xFF, 0xFF, 0xFF, 0xFF, 0xFF, 0xFF, 0xFF, 0xFF, 0xFF, 0xFF, 0xFF,
  0xFF, 0xFF, 0xFF, 0xFF, 0xFF, 0xFF, 0xFF, 0xFF, 0xFF, 0xFF, 0xFF, 0xFF,
  0xFF, 0xFF, 0xFF, 0xFF, 0xFF, 0xFF, 0xFF, 0xFF, 0xFF, 0xFF, 0xFF, 0xFF,
  0xFF, 0xFF, 0xFF, 0xFF, 0xFF, 0xFF, 0xFF, 0xFF, 0xFF, 0xFF, 0xFF, 0xFF,
  0xFF, 0xFF, 0xFF, 0xFF, 0xFF, 0xFF, 0xFF, 0xFF, 0xFF, 0xFF, 0xFF, 0xFF,
  0xFF, 0xFF, 0xFF, 0xFF, 0xFF, 0xFF, 0xFF, 0xFF, 0xFF, 0xFF, 0xFF, 0xFF,
  0xFF, 0xFF, 0xFF, 0xFF, 0xFF, 0xFF, 0xFF, 0xFF, 0xFF, 0xFF, 0xFF, 0xFF,
  0xFF, 0xFF, 0xFF, 0xFF, 0xFF, 0xFF, 0xFF, 0xFF, 0xFF, 0xFF, 0xFF, 0xFF,
  0xFF, 0xFF, 0xFF, 0xFF, 0xFF, 0xFF, 0xFF, 0xFF, 0xFF, 0xFF, 0xFF, 0xFF,
  0xFF, 0xFF, 0xFF, 0xFF, 0xFF, 0xFF, 0xFF, 0xFF, 0xFF, 0xFF, 0xFF, 0xFF,
  0xFF, 0xFF, 0xFF, 0xFF, 0xFF, 0xFF, 0xFF, 0xFF, 0xFF, 0xFF, 0xFF, 0xFF,
  0xFF, 0xFF, 0xFF, 0xFF, 0xFF, 0xFF, 0xFF, 0xFF, 0xFF, 0xFF, 0xFF, 0xFF,
  0xFF, 0xFF, 0xFF, 0xFF, 0xFF, 0xFF, 0xFF, 0xFF, 0xFF, 0xFF, 0xFF, 0xFF,
  0xFF, 0xFF, 0xFF, 0xFF, 0xFF, 0xFF, 0xFF, 0xFF, 0xFF, 0xFF, 0xFF, 0xFF,
  0xFF, 0xFF, 0xFF, 0xFF, 0xFF, 0xFF, 0xFF, 0xFF, 0xFF, 0xFF, 0xFF, 0xFF,
  0xFF, 0xFF, 0xFF, 0xFF, 0xFF, 0xFF, 0xFF, 0xFF, 0xFF, 0xFF, 0xFF, 0xFF,
  0xFF, 0xFF, 0xFF, 0xFF, 0xFF, 0xFF, 0xFF, 0xFF, 0xFF, 0xFF, 0xFF, 0xFF,
  0xFF, 0xFF, 0xFF, 0xFF, 0xFF, 0xFF, 0xFF, 0xFF, 0xFF, 0xFF, 0xFF, 0xFF,
  0xFF, 0xFF, 0xFF, 0xFF, 0xFF, 0xFF, 0xFF, 0xFF, 0xFF, 0xFF, 0xFF, 0xFF,
  0xFF, 0xFF, 0xFF, 0xFF, 0xFF, 0xFF, 0xFF, 0xFF, 0xFF, 0xFF, 0xFF, 0xFF,
  0xFF, 0xFF, 0xFF, 0xFF, 0xFF, 0xFF, 0xFF, 0xFF, 0xFF, 0xFF, 0xFF, 0xFF,
  0xFF, 0xFF, 0xFF, 0xFF, 0xFF, 0xFF, 0xFF, 0xFF, 0xFF, 0xFF, 0xFF, 0xFF,
  0xFF, 0xFF, 0xFF, 0xFF, 0xFF, 0xFF, 0xFF, 0xFF, 0xFF, 0xFF, 0xFF, 0xFF,
  0xFF, 0xFF, 0xFF, 0xFF, 0xFF, 0xFF, 0xFF, 0xFF, 0xFF, 0xFF, 0xFF, 0xFF,
  0xFF, 0xFF, 0xFF, 0xFF, 0xFF, 0xFF, 0xFF, 0xFF, 0xFF, 0x00, 0x00, 0x00,
  0x00, 0x00, 0x00, 0x00, 0x00, 0x00, 0x00, 0x00, 0x00, 0x00, 0x00, 0x00,
};




const uint8_t ballFrame4[]= {
  0xFF, 0xFF, 0xFF, 0xFF, 0xFF, 0xFF, 0xFF, 0xFF, 0xFF, 0xFF, 0xFF, 0xFF,
  0xFF, 0xFF, 0xFF, 0xFF, 0xFF, 0xFF, 0xFF, 0xFF, 0xFF, 0xFF, 0xFF, 0xFF,
  0xFF, 0xFF, 0xFF, 0xFF, 0xFF, 0xFF, 0xFF, 0xFF, 0xFF, 0xFF, 0xFF, 0xFF,
  0xFF, 0xFF, 0xFF, 0xFF, 0xFF, 0xFF, 0xFF, 0xFF, 0xFF, 0xFF, 0xFF, 0xFF,
  0xFF, 0xFF, 0xFF, 0xFF, 0xFF, 0xFF, 0xFF, 0xFF, 0xFF, 0xFF, 0xFF, 0xFF,
  0xFF, 0xFF, 0xFF, 0xFF, 0xFF, 0xFF, 0xFF, 0xFF, 0xFF, 0xFF, 0xFF, 0xFF,
  0xFF, 0xFF, 0xFF, 0xFF, 0xFF, 0xFF, 0xFF, 0xFF, 0xFF, 0xFF, 0xFF, 0xFF,
  0xFF, 0xFF, 0xFF, 0xFF, 0xFF, 0xFF, 0xFF, 0xFF, 0xFF, 0xFF, 0xFF, 0xFF,
  0xFF, 0xFF, 0xFF, 0xFF, 0xFF, 0xFF, 0xFF, 0xFF, 0xFF, 0xFF, 0xFF, 0xFF,
  0xFF, 0xFF, 0xFF, 0xFF, 0xFF, 0xFF, 0xFF, 0xFF, 0xFF, 0xFF, 0xFF, 0xFF,
  0xFF, 0xFF, 0xFF, 0xFF, 0xFF, 0xFF, 0xFF, 0xFF, 0xFF, 0xFF, 0xFF, 0xFF,
  0xFF, 0xFF, 0xFF, 0xFF, 0xFF, 0xFF, 0xFF, 0xFF, 0xFF, 0xFF, 0xFF, 0xFF,
  0xFF, 0xFF, 0xFF, 0xFF, 0xFF, 0xFF, 0xFF, 0xFF, 0xFF, 0xFF, 0xFF, 0xFF,
  0xFF, 0xFF, 0xFF, 0xFF, 0xFF, 0xFF, 0xFF, 0xFF, 0xFF, 0xFF, 0xFF, 0xFF,
  0xFF, 0xFF, 0xFF, 0xFF, 0xFF, 0xFF, 0xFF, 0xFF, 0xFF, 0xFF, 0xFF, 0xFF,
  0xFF, 0xFF, 0xFF, 0xFF, 0xFF, 0xFF, 0xFF, 0xFF, 0xFF, 0xFF, 0xFF, 0xFF,
  0xFF, 0xFF, 0xFF, 0xFF, 0xFF, 0xFF, 0xFF, 0xFF, 0xFF, 0xFF, 0xFF, 0xFF,
  0xFF, 0xFF, 0xFF, 0xFF, 0xFF, 0xFF, 0xFF, 0xFF, 0xFF, 0xFF, 0xFF, 0xFF,
  0xFF, 0xFF, 0xFF, 0xFF, 0xFF, 0xFF, 0xFF, 0xFF, 0xFF, 0xFF, 0xFF, 0xFF,
  0xFF, 0xFF, 0xFF, 0xFF, 0xFF, 0xFF, 0xFF, 0xFF, 0xFF, 0xFF, 0xFF, 0xFF,
  0xFF, 0xFF, 0xFF, 0xFF, 0xFF, 0xFF, 0xFF, 0xFF, 0xFF, 0xFF, 0xFF, 0xFF,
  0xFF, 0xFF, 0xFF, 0xFF, 0xFF, 0xFF, 0xFF, 0xFF, 0xFF, 0xFF, 0xFF, 0xFF,
  0xFF, 0xFF, 0xFF, 0xFF, 0xFF, 0xFF, 0xFF, 0xFF, 0xFF, 0xFF, 0xFF, 0xFF,
  0xFF, 0xFF, 0xFF, 0xFF, 0xFF, 0xFF, 0xFF, 0xFF, 0xFF, 0xFF, 0xFF, 0xFF,
  0xFF, 0xFF, 0xFF, 0xFF, 0xFF, 0xFF, 0xFF, 0xFF, 0xFF, 0xFF, 0xFF, 0xFF,
  0xFF, 0xFF, 0xFF, 0xFF, 0xFF, 0xFF, 0xFF, 0xFF, 0xFF, 0xFF, 0xFF, 0xFF,
  0xFF, 0xFF, 0xFF, 0xFF, 0xFF, 0xFF, 0xFF, 0xFF, 0xFF, 0xFF, 0xFF, 0xFF,
  0xFF, 0xFF, 0xFF, 0xFF, 0xFF, 0xFF, 0xFF, 0xFF, 0xFF, 0xFF, 0xFF, 0xFF,
  0xFF, 0xFF, 0xFF, 0xFF, 0xFF, 0xFF, 0xFF, 0xFF, 0xFF, 0xFF, 0xFF, 0xFF,
  0xFF, 0xFF, 0xFF, 0xFF, 0xFF, 0xFF, 0xFF, 0xFF, 0xFF, 0xFF, 0xFF, 0xFF,
  0xFF, 0xFF, 0xFF, 0xFF, 0xFF, 0xFF, 0xFF, 0xFF, 0xFF, 0xFF, 0xFF, 0xFF,
  0xFF, 0xFF, 0xFF, 0xFF, 0xFF, 0xFF, 0xFF, 0xFF, 0xFF, 0xE0, 0x3F, 0xFF,
  0xFF, 0xFF, 0xFF, 0xFF, 0xFF, 0xFF, 0xFF, 0xFF, 0xFF, 0xFF, 0xFF, 0xFF,
  0x80, 0x0F, 0xFF, 0xFF, 0xFF, 0xFF, 0xFF, 0xFF, 0xFF, 0xFF, 0xFF, 0xFF,
  0xFF, 0xFF, 0xFF, 0x00, 0x07, 0xFF, 0xFF, 0xFF, 0xFF, 0xFF, 0xFF, 0xFF,
  0xFF, 0xFF, 0xFF, 0xFF, 0xFF, 0xFE, 0x00, 0x03, 0xFF, 0xFF, 0xFF, 0xFF,
  0xFF, 0xFF, 0xFF, 0xFF, 0xFF, 0xFF, 0xFF, 0xFF, 0xFC, 0x00, 0x01, 0xFF,
  0xFF, 0xFF, 0xFF, 0xFF, 0xFF, 0xFF, 0xFF, 0xFF, 0xFF, 0xFF, 0xFF, 0xF8,
  0x00, 0x00, 0xFF, 0xFF, 0xFF, 0xFF, 0xFF, 0xFF, 0xFF, 0xFF, 0xFF, 0xFF,
  0xFF, 0xFF, 0xF8, 0x00, 0x00, 0xFF, 0xFF, 0xFF, 0xFF, 0xFF, 0xFF, 0xFF,
  0xFF, 0xFF, 0xFF, 0xFF, 0xFF, 0xF0, 0x00, 0x00, 0x7F, 0xFF, 0xFF, 0xFF,
  0xFF, 0xFF, 0xFF, 0xFF, 0xFF, 0xFF, 0xFF, 0xFF, 0xF0, 0x00, 0x00, 0x7F,
  0xFF, 0xFF, 0xFF, 0xFF, 0xFF, 0xFF, 0xFF, 0xFF, 0xFF, 0xFF, 0xFF, 0xF0,
  0x00, 0x00, 0x7F, 0xFF, 0xFF, 0xFF, 0xFF, 0xFF, 0xFF, 0xFF, 0xFF, 0xFF,
  0xFF, 0xFF, 0xF0, 0x00, 0x00, 0x7F, 0xFF, 0xFF, 0xFF, 0xFF, 0xFF, 0xFF,
  0xFF, 0xFF, 0xFF, 0xFF, 0xFF, 0xF0, 0x00, 0x00, 0x7F, 0xFF, 0xFF, 0xFF,
  0xFF, 0xFF, 0xFF, 0xFF, 0xFF, 0xFF, 0xFF, 0xFF, 0xF0, 0x00, 0x00, 0x7F,
  0xFF, 0xFF, 0xFF, 0xFF, 0xFF, 0xFF, 0xFF, 0xFF, 0xFF, 0xFF, 0xFF, 0xF0,
  0x00, 0x00, 0x7F, 0xFF, 0xFF, 0xFF, 0xFF, 0xFF, 0xFF, 0xFF, 0xFF, 0xFF,
  0xFF, 0xFF, 0xF8, 0x00, 0x00, 0xFF, 0xFF, 0xFF, 0xFF, 0xFF, 0xFF, 0xFF,
  0xFF, 0xFF, 0xFF, 0xFF, 0xFF, 0xF8, 0x00, 0x00, 0xFF, 0xFF, 0xFF, 0xFF,
  0xFF, 0xFF, 0xFF, 0xFF, 0xFF, 0xFF, 0xFF, 0xFF, 0xFC, 0x00, 0x01, 0xFF,
  0xFF, 0xFF, 0xFF, 0xFF, 0xFF, 0xFF, 0xFF, 0xFF, 0xFF, 0xFF, 0xFF, 0xFE,
  0x00, 0x03, 0xFF, 0xFF, 0xFF, 0xFF, 0xFF, 0xFF, 0xFF, 0xFF, 0xFF, 0xFF,
  0xFF, 0xFF, 0xFF, 0x00, 0x07, 0xFF, 0xFF, 0xFF, 0xFF, 0xFF, 0xFF, 0xFF,
  0xFF, 0xFF, 0xFF, 0xFF, 0xFF, 0xFF, 0x80, 0x0F, 0xFF, 0xFF, 0xFF, 0xFF,
  0xFF, 0xFF, 0xFF, 0xFF, 0xFF, 0xFF, 0xFF, 0xFF, 0xFF, 0xE0, 0x3F, 0xFF,
  0xFF, 0xFF, 0xFF, 0xFF, 0xFF, 0xFF, 0xFF, 0xFF, 0xFF, 0xFF, 0xFF, 0xFF,
  0xFF, 0xFF, 0xFF, 0xFF, 0xFF, 0xFF, 0xFF, 0xFF, 0xFF, 0xFF, 0xFF, 0xFF,
  0xFF, 0xFF, 0xFF, 0xFF, 0xFF, 0xFF, 0xFF, 0xFF, 0xFF, 0xFF, 0xFF, 0xFF,
  0xFF, 0xFF, 0xFF, 0xFF, 0xFF, 0xFF, 0xFF, 0xFF, 0xFF, 0xFF, 0xFF, 0xFF,
  0xFF, 0xFF, 0xFF, 0xFF, 0xFF, 0xFF, 0xFF, 0xFF, 0xFF, 0xFF, 0xFF, 0xFF,
  0xFF, 0xFF, 0xFF, 0xFF, 0xFF, 0xFF, 0xFF, 0xFF, 0xFF, 0xFF, 0xFF, 0xFF,
  0xFF, 0xFF, 0xFF, 0xFF, 0xFF, 0xFF, 0xFF, 0xFF, 0xFF, 0xFF, 0xFF, 0xFF,
  0xFF, 0xFF, 0xFF, 0xFF, 0xFF, 0xFF, 0xFF, 0xFF, 0xFF, 0xFF, 0xFF, 0xFF,
  0xFF, 0xFF, 0xFF, 0xFF, 0xFF, 0xFF, 0xFF, 0xFF, 0xFF, 0xFF, 0xFF, 0xFF,
  0xFF, 0xFF, 0xFF, 0xFF, 0xFF, 0xFF, 0xFF, 0xFF, 0xFF, 0xFF, 0xFF, 0xFF,
  0xFF, 0xFF, 0xFF, 0xFF, 0xFF, 0xFF, 0xFF, 0xFF, 0xFF, 0xFF, 0xFF, 0xFF,
  0xFF, 0xFF, 0xFF, 0xFF, 0xFF, 0xFF, 0xFF, 0xFF, 0xFF, 0xFF, 0xFF, 0xFF,
  0xFF, 0xFF, 0xFF, 0xFF, 0xFF, 0xFF, 0xFF, 0xFF, 0xFF, 0xFF, 0xFF, 0xFF,
  0xFF, 0xFF, 0xFF, 0xFF, 0xFF, 0xFF, 0xFF, 0xFF, 0xFF, 0xFF, 0xFF, 0xFF,
  0xFF, 0xFF, 0xFF, 0xFF, 0xFF, 0xFF, 0xFF, 0xFF, 0xFF, 0xFF, 0xFF, 0xFF,
  0xFF, 0xFF, 0xFF, 0xFF, 0xFF, 0xFF, 0xFF, 0xFF, 0xFF, 0xFF, 0xFF, 0xFF,
  0xFF, 0xFF, 0xFF, 0xFF, 0xFF, 0xFF, 0xFF, 0xFF, 0xFF, 0x00, 0x00, 0x00,
  0x00, 0x00, 0x00, 0x00, 0x00, 0x00, 0x00, 0x00, 0x00, 0x00, 0x00, 0x00,
};



const uint8_t ballFrame5[] = {
  0xFF, 0xFF, 0xFF, 0xFF, 0xFF, 0xFF, 0xFF, 0xFF, 0xFF, 0xFF, 0xFF, 0xFF,
  0xFF, 0xFF, 0xFF, 0xFF, 0xFF, 0xFF, 0xFF, 0xFF, 0xFF, 0xFF, 0xFF, 0xFF,
  0xFF, 0xFF, 0xFF, 0xFF, 0xFF, 0xFF, 0xFF, 0xFF, 0xFF, 0xFF, 0xFF, 0xFF,
  0xFF, 0xFF, 0xFF, 0xFF, 0xFF, 0xFF, 0xFF, 0xFF, 0xFF, 0xFF, 0xFF, 0xFF,
  0xFF, 0xFF, 0xFF, 0xFF, 0xFF, 0xFF, 0xFF, 0xFF, 0xFF, 0xFF, 0xFF, 0xFF,
  0xFF, 0xFF, 0xFF, 0xFF, 0xFF, 0xFF, 0xFF, 0xFF, 0xFF, 0xFF, 0xFF, 0xFF,
  0xFF, 0xFF, 0xFF, 0xFF, 0xFF, 0xFF, 0xFF, 0xFF, 0xFF, 0xFF, 0xFF, 0xFF,
  0xFF, 0xFF, 0xFF, 0xFF, 0xFF, 0xFF, 0xFF, 0xFF, 0xFF, 0xFF, 0xFF, 0xFF,
  0xFF, 0xFF, 0xFF, 0xFF, 0xFF, 0xFF, 0xFF, 0xFF, 0xFF, 0xFF, 0xFF, 0xFF,
  0xFF, 0xFF, 0xFF, 0xFF, 0xFF, 0xFF, 0xFF, 0xFF, 0xFF, 0xFF, 0xFF, 0xFF,
  0xFF, 0xFF, 0xFF, 0xFF, 0xFF, 0xFF, 0xFF, 0xFF, 0xFF, 0xFF, 0xFF, 0xFF,
  0xFF, 0xFF, 0xFF, 0xFF, 0xFF, 0xFF, 0xFF, 0xFF, 0xFF, 0xFF, 0xFF, 0xFF,
  0xFF, 0xFF, 0xFF, 0xFF, 0xFF, 0xFF, 0xFF, 0xFF, 0xFF, 0xFF, 0xFF, 0xFF,
  0xFF, 0xFF, 0xFF, 0xFF, 0xFF, 0xFF, 0xFF, 0xFF, 0xFF, 0xFF, 0xFF, 0xFF,
  0xFF, 0xFF, 0xFF, 0xFF, 0xFF, 0xFF, 0xFF, 0xFF, 0xFF, 0xFF, 0xFF, 0xFF,
  0xFF, 0xFF, 0xFF, 0xFF, 0xFF, 0xFF, 0xFF, 0xFF, 0xFF, 0xFF, 0xFF, 0xFF,
  0xFF, 0xFF, 0xFF, 0xFF, 0xFF, 0xFF, 0xFF, 0xFF, 0xFF, 0xFF, 0xFF, 0xFF,
  0xFF, 0xFF, 0xFF, 0xFF, 0xFF, 0xFF, 0xFF, 0xFF, 0xFF, 0xFF, 0xFF, 0xFF,
  0xFF, 0xFF, 0xFF, 0xFF, 0xFF, 0xFF, 0xFF, 0xFF, 0xFF, 0xFF, 0xFF, 0xFF,
  0xFF, 0xFF, 0xFF, 0xFF, 0xFF, 0xFF, 0xFF, 0xFF, 0xFF, 0xFF, 0xFF, 0xFF,
  0xFF, 0xFF, 0xFF, 0xFF, 0xFF, 0xFF, 0xFF, 0xFF, 0xFF, 0xFF, 0xFF, 0xFF,
  0xFF, 0xFF, 0xFF, 0xFF, 0xFF, 0xFF, 0xFF, 0xFF, 0xFF, 0xFF, 0xFF, 0xFF,
  0xFF, 0xFF, 0xFF, 0xFF, 0xFF, 0xFF, 0xFF, 0xFF, 0xFF, 0xFF, 0xFF, 0xFF,
  0xFF, 0xFF, 0xFF, 0xFF, 0xFF, 0xFF, 0xFF, 0xFF, 0xFF, 0xFF, 0xFF, 0xFF,
  0xFF, 0xFF, 0xFF, 0xFF, 0xFF, 0xFF, 0xFF, 0xFF, 0xFF, 0xFF, 0xFF, 0xFF,
  0xFF, 0xFF, 0xFF, 0xFF, 0xFF, 0xFF, 0xFF, 0xFF, 0xFF, 0xFF, 0xFF, 0xFF,
  0xFF, 0xFF, 0xFF, 0xFF, 0xFF, 0xFF, 0xFF, 0xFF, 0xFF, 0xFF, 0xFF, 0xFF,
  0xFF, 0xFF, 0xFF, 0xFF, 0xFF, 0xFF, 0xFF, 0xFF, 0xFF, 0xFF, 0xFF, 0xFF,
  0xFF, 0xFF, 0xFF, 0xFF, 0xFF, 0xFF, 0xFF, 0xFF, 0xFF, 0xFF, 0xFF, 0xFF,
  0xFF, 0xFF, 0xFF, 0xFF, 0xFF, 0xFF, 0xFF, 0xFF, 0xFF, 0xFF, 0xFF, 0xFF,
  0xFF, 0xFF, 0xFF, 0xFF, 0xFF, 0xFF, 0xFF, 0xFF, 0xFF, 0xFF, 0xFF, 0xFF,
  0xFF, 0xFF, 0xFF, 0xFF, 0xFF, 0xFF, 0xFF, 0xFF, 0xFF, 0xFF, 0xFC, 0x07,
  0xFF, 0xFF, 0xFF, 0xFF, 0xFF, 0xFF, 0xFF, 0xFF, 0xFF, 0xFF, 0xFF, 0xFF,
  0xFF, 0xF0, 0x01, 0xFF, 0xFF, 0xFF, 0xFF, 0xFF, 0xFF, 0xFF, 0xFF, 0xFF,
  0xFF, 0xFF, 0xFF, 0xFF, 0xE0, 0x00, 0xFF, 0xFF, 0xFF, 0xFF, 0xFF, 0xFF,
  0xFF, 0xFF, 0xFF, 0xFF, 0xFF, 0xFF, 0xFF, 0xC0, 0x00, 0x7F, 0xFF, 0xFF,
  0xFF, 0xFF, 0xFF, 0xFF, 0xFF, 0xFF, 0xFF, 0xFF, 0xFF, 0xFF, 0x80, 0x00,
  0x3F, 0xFF, 0xFF, 0xFF, 0xFF, 0xFF, 0xFF, 0xFF, 0xFF, 0xFF, 0xFF, 0xFF,
  0xFF, 0x00, 0x00, 0x1F, 0xFF, 0xFF, 0xFF, 0xFF, 0xFF, 0xFF, 0xFF, 0xFF,
  0xFF, 0xFF, 0xFF, 0xFF, 0x00, 0x00, 0x1F, 0xFF, 0xFF, 0xFF, 0xFF, 0xFF,
  0xFF, 0xFF, 0xFF, 0xFF, 0xFF, 0xFF, 0xFE, 0x00, 0x00, 0x0F, 0xFF, 0xFF,
  0xFF, 0xFF, 0xFF, 0xFF, 0xFF, 0xFF, 0xFF, 0xFF, 0xFF, 0xFE, 0x00, 0x00,
  0x0F, 0xFF, 0xFF, 0xFF, 0xFF, 0xFF, 0xFF, 0xFF, 0xFF, 0xFF, 0xFF, 0xFF,
  0xFE, 0x00, 0x00, 0x0F, 0xFF, 0xFF, 0xFF, 0xFF, 0xFF, 0xFF, 0xFF, 0xFF,
  0xFF, 0xFF, 0xFF, 0xFE, 0x00, 0x00, 0x0F, 0xFF, 0xFF, 0xFF, 0xFF, 0xFF,
  0xFF, 0xFF, 0xFF, 0xFF, 0xFF, 0xFF, 0xFE, 0x00, 0x00, 0x0F, 0xFF, 0xFF,
  0xFF, 0xFF, 0xFF, 0xFF, 0xFF, 0xFF, 0xFF, 0xFF, 0xFF, 0xFE, 0x00, 0x00,
  0x0F, 0xFF, 0xFF, 0xFF, 0xFF, 0xFF, 0xFF, 0xFF, 0xFF, 0xFF, 0xFF, 0xFF,
  0xFE, 0x00, 0x00, 0x0F, 0xFF, 0xFF, 0xFF, 0xFF, 0xFF, 0xFF, 0xFF, 0xFF,
  0xFF, 0xFF, 0xFF, 0xFF, 0x00, 0x00, 0x1F, 0xFF, 0xFF, 0xFF, 0xFF, 0xFF,
  0xFF, 0xFF, 0xFF, 0xFF, 0xFF, 0xFF, 0xFF, 0x00, 0x00, 0x1F, 0xFF, 0xFF,
  0xFF, 0xFF, 0xFF, 0xFF, 0xFF, 0xFF, 0xFF, 0xFF, 0xFF, 0xFF, 0x80, 0x00,
  0x3F, 0xFF, 0xFF, 0xFF, 0xFF, 0xFF, 0xFF, 0xFF, 0xFF, 0xFF, 0xFF, 0xFF,
  0xFF, 0xC0, 0x00, 0x7F, 0xFF, 0xFF, 0xFF, 0xFF, 0xFF, 0xFF, 0xFF, 0xFF,
  0xFF, 0xFF, 0xFF, 0xFF, 0xE0, 0x00, 0xFF, 0xFF, 0xFF, 0xFF, 0xFF, 0xFF,
  0xFF, 0xFF, 0xFF, 0xFF, 0xFF, 0xFF, 0xFF, 0xF0, 0x01, 0xFF, 0xFF, 0xFF,
  0xFF, 0xFF, 0xFF, 0xFF, 0xFF, 0xFF, 0xFF, 0xFF, 0xFF, 0xFF, 0xFC, 0x07,
  0xFF, 0xFF, 0xFF, 0xFF, 0xFF, 0xFF, 0xFF, 0xFF, 0xFF, 0xFF, 0xFF, 0xFF,
  0xFF, 0xFF, 0xFF, 0xFF, 0xFF, 0xFF, 0xFF, 0xFF, 0xFF, 0xFF, 0xFF, 0xFF,
  0xFF, 0xFF, 0xFF, 0xFF, 0xFF, 0xFF, 0xFF, 0xFF, 0xFF, 0xFF, 0xFF, 0xFF,
  0xFF, 0xFF, 0xFF, 0xFF, 0xFF, 0xFF, 0xFF, 0xFF, 0xFF, 0xFF, 0xFF, 0xFF,
  0xFF, 0xFF, 0xFF, 0xFF, 0xFF, 0xFF, 0xFF, 0xFF, 0xFF, 0xFF, 0xFF, 0xFF,
  0xFF, 0xFF, 0xFF, 0xFF, 0xFF, 0xFF, 0xFF, 0xFF, 0xFF, 0xFF, 0xFF, 0xFF,
  0xFF, 0xFF, 0xFF, 0xFF, 0xFF, 0xFF, 0xFF, 0xFF, 0xFF, 0xFF, 0xFF, 0xFF,
  0xFF, 0xFF, 0xFF, 0xFF, 0xFF, 0xFF, 0xFF, 0xFF, 0xFF, 0xFF, 0xFF, 0xFF,
  0xFF, 0xFF, 0xFF, 0xFF, 0xFF, 0xFF, 0xFF, 0xFF, 0xFF, 0xFF, 0xFF, 0xFF,
  0xFF, 0xFF, 0xFF, 0xFF, 0xFF, 0xFF, 0xFF, 0xFF, 0xFF, 0xFF, 0xFF, 0xFF,
  0xFF, 0xFF, 0xFF, 0xFF, 0xFF, 0xFF, 0xFF, 0xFF, 0xFF, 0xFF, 0xFF, 0xFF,
  0xFF, 0xFF, 0xFF, 0xFF, 0xFF, 0xFF, 0xFF, 0xFF, 0xFF, 0xFF, 0xFF, 0xFF,
  0xFF, 0xFF, 0xFF, 0xFF, 0xFF, 0xFF, 0xFF, 0xFF, 0xFF, 0xFF, 0xFF, 0xFF,
  0xFF, 0xFF, 0xFF, 0xFF, 0xFF, 0xFF, 0xFF, 0xFF, 0xFF, 0xFF, 0xFF, 0xFF,
  0xFF, 0xFF, 0xFF, 0xFF, 0xFF, 0xFF, 0xFF, 0xFF, 0xFF, 0xFF, 0xFF, 0xFF,
  0xFF, 0xFF, 0xFF, 0xFF, 0xFF, 0xFF, 0xFF, 0xFF, 0xFF, 0xFF, 0xFF, 0xFF,
  0xFF, 0xFF, 0xFF, 0xFF, 0xFF, 0xFF, 0xFF, 0xFF, 0xFF, 0x00, 0x00, 0x00,
  0x00, 0x00, 0x00, 0x00, 0x00, 0x00, 0x00, 0x00, 0x00, 0x00, 0x00, 0x00,
};



const uint8_t ballFrame6[] = {
  0xFF, 0xFF, 0xFF, 0xFF, 0xFF, 0xFF, 0xFF, 0xFF, 0xFF, 0xFF, 0xFF, 0xFF,
  0xFF, 0xFF, 0xFF, 0xFF, 0xFF, 0xFF, 0xFF, 0xFF, 0xFF, 0xFF, 0xFF, 0xFF,
  0xFF, 0xFF, 0xFF, 0xFF, 0xFF, 0xFF, 0xFF, 0xFF, 0xFF, 0xFF, 0xFF, 0xFF,
  0xFF, 0xFF, 0xFF, 0xFF, 0xFF, 0xFF, 0xFF, 0xFF, 0xFF, 0xFF, 0xFF, 0xFF,
  0xFF, 0xFF, 0xFF, 0xFF, 0xFF, 0xFF, 0xFF, 0xFF, 0xFF, 0xFF, 0xFF, 0xFF,
  0xFF, 0xFF, 0xFF, 0xFF, 0xFF, 0xFF, 0xFF, 0xFF, 0xFF, 0xFF, 0xFF, 0xFF,
  0xFF, 0xFF, 0xFF, 0xFF, 0xFF, 0xFF, 0xFF, 0xFF, 0xFF, 0xFF, 0xFF, 0xFF,
  0x80, 0xFF, 0xFF, 0xFF, 0xFF, 0xFF, 0xFF, 0xFF, 0xFF, 0xFF, 0xFF, 0xFF,
  0xFF, 0xFF, 0xFE, 0x00, 0x3F, 0xFF, 0xFF, 0xFF, 0xFF, 0xFF, 0xFF, 0xFF,
  0xFF, 0xFF, 0xFF, 0xFF, 0xFF, 0xFC, 0x00, 0x1F, 0xFF, 0xFF, 0xFF, 0xFF,
  0xFF, 0xFF, 0xFF, 0xFF, 0xFF, 0xFF, 0xFF, 0xFF, 0xF8, 0x00, 0x0F, 0xFF,
  0xFF, 0xFF, 0xFF, 0xFF, 0xFF, 0xFF, 0xFF, 0xFF, 0xFF, 0xFF, 0xFF, 0xF0,
  0x00, 0x07, 0xFF, 0xFF, 0xFF, 0xFF, 0xFF, 0xFF, 0xFF, 0xFF, 0xFF, 0xFF,
  0xFF, 0xFF, 0xE0, 0x00, 0x03, 0xFF, 0xFF, 0xFF, 0xFF, 0xFF, 0xFF, 0xFF,
  0xFF, 0xFF, 0xFF, 0xFF, 0xFF, 0xE0, 0x00, 0x03, 0xFF, 0xFF, 0xFF, 0xFF,
  0xFF, 0xFF, 0xFF, 0xFF, 0xFF, 0xFF, 0xFF, 0xFF, 0xC0, 0x00, 0x01, 0xFF,
  0xFF, 0xFF, 0xFF, 0xFF, 0xFF, 0xFF, 0xFF, 0xFF, 0xFF, 0xFF, 0xFF, 0xC0,
  0x00, 0x01, 0xFF, 0xFF, 0xFF, 0xFF, 0xFF, 0xFF, 0xFF, 0xFF, 0xFF, 0xFF,
  0xFF, 0xFF, 0xC0, 0x00, 0x01, 0xFF, 0xFF, 0xFF, 0xFF, 0xFF, 0xFF, 0xFF,
  0xFF, 0xFF, 0xFF, 0xFF, 0xFF, 0xC0, 0x00, 0x01, 0xFF, 0xFF, 0xFF, 0xFF,
  0xFF, 0xFF, 0xFF, 0xFF, 0xFF, 0xFF, 0xFF, 0xFF, 0xC0, 0x00, 0x01, 0xFF,
  0xFF, 0xFF, 0xFF, 0xFF, 0xFF, 0xFF, 0xFF, 0xFF, 0xFF, 0xFF, 0xFF, 0xC0,
  0x00, 0x01, 0xFF, 0xFF, 0xFF, 0xFF, 0xFF, 0xFF, 0xFF, 0xFF, 0xFF, 0xFF,
  0xFF, 0xFF, 0xC0, 0x00, 0x01, 0xFF, 0xFF, 0xFF, 0xFF, 0xFF, 0xFF, 0xFF,
  0xFF, 0xFF, 0xFF, 0xFF, 0xFF, 0xE0, 0x00, 0x03, 0xFF, 0xFF, 0xFF, 0xFF,
  0xFF, 0xFF, 0xFF, 0xFF, 0xFF, 0xFF, 0xFF, 0xFF, 0xE0, 0x00, 0x03, 0xFF,
  0xFF, 0xFF, 0xFF, 0xFF, 0xFF, 0xFF, 0xFF, 0xFF, 0xFF, 0xFF, 0xFF, 0xF0,
  0x00, 0x07, 0xFF, 0xFF, 0xFF, 0xFF, 0xFF, 0xFF, 0xFF, 0xFF, 0xFF, 0xFF,
  0xFF, 0xFF, 0xF8, 0x00, 0x0F, 0xFF, 0xFF, 0xFF, 0xFF, 0xFF, 0xFF, 0xFF,
  0xFF, 0xFF, 0xFF, 0xFF, 0xFF, 0xFC, 0x00, 0x1F, 0xFF, 0xFF, 0xFF, 0xFF,
  0xFF, 0xFF, 0xFF, 0xFF, 0xFF, 0xFF, 0xFF, 0xFF, 0xFE, 0x00, 0x3F, 0xFF,
  0xFF, 0xFF, 0xFF, 0xFF, 0xFF, 0xFF, 0xFF, 0xFF, 0xFF, 0xFF, 0xFF, 0xFF,
  0x80, 0xFF, 0xFF, 0xFF, 0xFF, 0xFF, 0xFF, 0xFF, 0xFF, 0xFF, 0xFF, 0xFF,
  0xFF, 0xFF, 0xFF, 0xFF, 0xFF, 0xFF, 0xFF, 0xFF, 0xFF, 0xFF, 0xFF, 0xFF,
  0xFF, 0xFF, 0xFF, 0xFF, 0xFF, 0xFF, 0xFF, 0xFF, 0xFF, 0xFF, 0xFF, 0xFF,
  0xFF, 0xFF, 0xFF, 0xFF, 0xFF, 0xFF, 0xFF, 0xFF, 0xFF, 0xFF, 0xFF, 0xFF,
  0xFF, 0xFF, 0xFF, 0xFF, 0xFF, 0xFF, 0xFF, 0xFF, 0xFF, 0xFF, 0xFF, 0xFF,
  0xFF, 0xFF, 0xFF, 0xFF, 0xFF, 0xFF, 0xFF, 0xFF, 0xFF, 0xFF, 0xFF, 0xFF,
  0xFF, 0xFF, 0xFF, 0xFF, 0xFF, 0xFF, 0xFF, 0xFF, 0xFF, 0xFF, 0xFF, 0xFF,
  0xFF, 0xFF, 0xFF, 0xFF, 0xFF, 0xFF, 0xFF, 0xFF, 0xFF, 0xFF, 0xFF, 0xFF,
  0xFF, 0xFF, 0xFF, 0xFF, 0xFF, 0xFF, 0xFF, 0xFF, 0xFF, 0xFF, 0xFF, 0xFF,
  0xFF, 0xFF, 0xFF, 0xFF, 0xFF, 0xFF, 0xFF, 0xFF, 0xFF, 0xFF, 0xFF, 0xFF,
  0xFF, 0xFF, 0xFF, 0xFF, 0xFF, 0xFF, 0xFF, 0xFF, 0xFF, 0xFF, 0xFF, 0xFF,
  0xFF, 0xFF, 0xFF, 0xFF, 0xFF, 0xFF, 0xFF, 0xFF, 0xFF, 0xFF, 0xFF, 0xFF,
  0xFF, 0xFF, 0xFF, 0xFF, 0xFF, 0xFF, 0xFF, 0xFF, 0xFF, 0xFF, 0xFF, 0xFF,
  0xFF, 0xFF, 0xFF, 0xFF, 0xFF, 0xFF, 0xFF, 0xFF, 0xFF, 0xFF, 0xFF, 0xFF,
  0xFF, 0xFF, 0xFF, 0xFF, 0xFF, 0xFF, 0xFF, 0xFF, 0xFF, 0xFF, 0xFF, 0xFF,
  0xFF, 0xFF, 0xFF, 0xFF, 0xFF, 0xFF, 0xFF, 0xFF, 0xFF, 0xFF, 0xFF, 0xFF,
  0xFF, 0xFF, 0xFF, 0xFF, 0xFF, 0xFF, 0xFF, 0xFF, 0xFF, 0xFF, 0xFF, 0xFF,
  0xFF, 0xFF, 0xFF, 0xFF, 0xFF, 0xFF, 0xFF, 0xFF, 0xFF, 0xFF, 0xFF, 0xFF,
  0xFF, 0xFF, 0xFF, 0xFF, 0xFF, 0xFF, 0xFF, 0xFF, 0xFF, 0xFF, 0xFF, 0xFF,
  0xFF, 0xFF, 0xFF, 0xFF, 0xFF, 0xFF, 0xFF, 0xFF, 0xFF, 0xFF, 0xFF, 0xFF,
  0xFF, 0xFF, 0xFF, 0xFF, 0xFF, 0xFF, 0xFF, 0xFF, 0xFF, 0xFF, 0xFF, 0xFF,
  0xFF, 0xFF, 0xFF, 0xFF, 0xFF, 0xFF, 0xFF, 0xFF, 0xFF, 0xFF, 0xFF, 0xFF,
  0xFF, 0xFF, 0xFF, 0xFF, 0xFF, 0xFF, 0xFF, 0xFF, 0xFF, 0xFF, 0xFF, 0xFF,
  0xFF, 0xFF, 0xFF, 0xFF, 0xFF, 0xFF, 0xFF, 0xFF, 0xFF, 0xFF, 0xFF, 0xFF,
  0xFF, 0xFF, 0xFF, 0xFF, 0xFF, 0xFF, 0xFF, 0xFF, 0xFF, 0xFF, 0xFF, 0xFF,
  0xFF, 0xFF, 0xFF, 0xFF, 0xFF, 0xFF, 0xFF, 0xFF, 0xFF, 0xFF, 0xFF, 0xFF,
  0xFF, 0xFF, 0xFF, 0xFF, 0xFF, 0xFF, 0xFF, 0xFF, 0xFF, 0xFF, 0xFF, 0xFF,
  0xFF, 0xFF, 0xFF, 0xFF, 0xFF, 0xFF, 0xFF, 0xFF, 0xFF, 0xFF, 0xFF, 0xFF,
  0xFF, 0xFF, 0xFF, 0xFF, 0xFF, 0xFF, 0xFF, 0xFF, 0xFF, 0xFF, 0xFF, 0xFF,
  0xFF, 0xFF, 0xFF, 0xFF, 0xFF, 0xFF, 0xFF, 0xFF, 0xFF, 0xFF, 0xFF, 0xFF,
  0xFF, 0xFF, 0xFF, 0xFF, 0xFF, 0xFF, 0xFF, 0xFF, 0xFF, 0xFF, 0xFF, 0xFF,
  0xFF, 0xFF, 0xFF, 0xFF, 0xFF, 0xFF, 0xFF, 0xFF, 0xFF, 0xFF, 0xFF, 0xFF,
  0xFF, 0xFF, 0xFF, 0xFF, 0xFF, 0xFF, 0xFF, 0xFF, 0xFF, 0xFF, 0xFF, 0xFF,
  0xFF, 0xFF, 0xFF, 0xFF, 0xFF, 0xFF, 0xFF, 0xFF, 0xFF, 0xFF, 0xFF, 0xFF,
  0xFF, 0xFF, 0xFF, 0xFF, 0xFF, 0xFF, 0xFF, 0xFF, 0xFF, 0xFF, 0xFF, 0xFF,
  0xFF, 0xFF, 0xFF, 0xFF, 0xFF, 0xFF, 0xFF, 0xFF, 0xFF, 0xFF, 0xFF, 0xFF,
  0xFF, 0xFF, 0xFF, 0xFF, 0xFF, 0xFF, 0xFF, 0xFF, 0xFF, 0xFF, 0xFF, 0xFF,
  0xFF, 0xFF, 0xFF, 0xFF, 0xFF, 0xFF, 0xFF, 0xFF, 0xFF, 0xFF, 0xFF, 0xFF,
  0xFF, 0xFF, 0xFF, 0xFF, 0xFF, 0xFF, 0xFF, 0xFF, 0xFF, 0xFF, 0xFF, 0xFF,
  0xFF, 0xFF, 0xFF, 0xFF, 0xFF, 0xFF, 0xFF, 0xFF, 0xFF, 0xFF, 0xFF, 0xFF,
  0xFF, 0xFF, 0xFF, 0xFF, 0xFF, 0xFF, 0xFF, 0xFF, 0xFF, 0xFF, 0xFF, 0xFF,
  0xFF, 0xFF, 0xFF, 0xFF, 0xFF, 0xFF, 0xFF, 0xFF, 0xFF, 0x00, 0x00, 0x00,
  0x00, 0x00, 0x00, 0x00, 0x00, 0x00, 0x00, 0x00, 0x00, 0x00, 0x00, 0x00,
};




const uint8_t ballFrame7[] = {
  0xFF, 0xFF, 0xFF, 0xFF, 0xFF, 0xFF, 0xFF, 0xFF, 0xFF, 0xFF, 0xF0, 0x1F,
  0xFF, 0xFF, 0xFF, 0xFF, 0xFF, 0xFF, 0xFF, 0xFF, 0xFF, 0xFF, 0xFF, 0xFF,
  0xFF, 0xC0, 0x07, 0xFF, 0xFF, 0xFF, 0xFF, 0xFF, 0xFF, 0xFF, 0xFF, 0xFF,
  0xFF, 0xFF, 0xFF, 0xFF, 0x80, 0x03, 0xFF, 0xFF, 0xFF, 0xFF, 0xFF, 0xFF,
  0xFF, 0xFF, 0xFF, 0xFF, 0xFF, 0xFF, 0xFF, 0x00, 0x01, 0xFF, 0xFF, 0xFF,
  0xFF, 0xFF, 0xFF, 0xFF, 0xFF, 0xFF, 0xFF, 0xFF, 0xFF, 0xFE, 0x00, 0x00,
  0xFF, 0xFF, 0xFF, 0xFF, 0xFF, 0xFF, 0xFF, 0xFF, 0xFF, 0xFF, 0xFF, 0xFF,
  0xFC, 0x00, 0x00, 0x7F, 0xFF, 0xFF, 0xFF, 0xFF, 0xFF, 0xFF, 0xFF, 0xFF,
  0xFF, 0xFF, 0xFF, 0xFC, 0x00, 0x00, 0x7F, 0xFF, 0xFF, 0xFF, 0xFF, 0xFF,
  0xFF, 0xFF, 0xFF, 0xFF, 0xFF, 0xFF, 0xF8, 0x00, 0x00, 0x3F, 0xFF, 0xFF,
  0xFF, 0xFF, 0xFF, 0xFF, 0xFF, 0xFF, 0xFF, 0xFF, 0xFF, 0xF8, 0x00, 0x00,
  0x3F, 0xFF, 0xFF, 0xFF, 0xFF, 0xFF, 0xFF, 0xFF, 0xFF, 0xFF, 0xFF, 0xFF,
  0xF8, 0x00, 0x00, 0x3F, 0xFF, 0xFF, 0xFF, 0xFF, 0xFF, 0xFF, 0xFF, 0xFF,
  0xFF, 0xFF, 0xFF, 0xF8, 0x00, 0x00, 0x3F, 0xFF, 0xFF, 0xFF, 0xFF, 0xFF,
  0xFF, 0xFF, 0xFF, 0xFF, 0xFF, 0xFF, 0xF8, 0x00, 0x00, 0x3F, 0xFF, 0xFF,
  0xFF, 0xFF, 0xFF, 0xFF, 0xFF, 0xFF, 0xFF, 0xFF, 0xFF, 0xF8, 0x00, 0x00,
  0x3F, 0xFF, 0xFF, 0xFF, 0xFF, 0xFF, 0xFF, 0xFF, 0xFF, 0xFF, 0xFF, 0xFF,
  0xF8, 0x00, 0x00, 0x3F, 0xFF, 0xFF, 0xFF, 0xFF, 0xFF, 0xFF, 0xFF, 0xFF,
  0xFF, 0xFF, 0xFF, 0xFC, 0x00, 0x00, 0x7F, 0xFF, 0xFF, 0xFF, 0xFF, 0xFF,
  0xFF, 0xFF, 0xFF, 0xFF, 0xFF, 0xFF, 0xFC, 0x00, 0x00, 0x7F, 0xFF, 0xFF,
  0xFF, 0xFF, 0xFF, 0xFF, 0xFF, 0xFF, 0xFF, 0xFF, 0xFF, 0xFE, 0x00, 0x00,
  0xFF, 0xFF, 0xFF, 0xFF, 0xFF, 0xFF, 0xFF, 0xFF, 0xFF, 0xFF, 0xFF, 0xFF,
  0xFF, 0x00, 0x01, 0xFF, 0xFF, 0xFF, 0xFF, 0xFF, 0xFF, 0xFF, 0xFF, 0xFF,
  0xFF, 0xFF, 0xFF, 0xFF, 0x80, 0x03, 0xFF, 0xFF, 0xFF, 0xFF, 0xFF, 0xFF,
  0xFF, 0xFF, 0xFF, 0xFF, 0xFF, 0xFF, 0xFF, 0xC0, 0x07, 0xFF, 0xFF, 0xFF,
  0xFF, 0xFF, 0xFF, 0xFF, 0xFF, 0xFF, 0xFF, 0xFF, 0xFF, 0xFF, 0xF0, 0x1F,
  0xFF, 0xFF, 0xFF, 0xFF, 0xFF, 0xFF, 0xFF, 0xFF, 0xFF, 0xFF, 0xFF, 0xFF,
  0xFF, 0xFF, 0xFF, 0xFF, 0xFF, 0xFF, 0xFF, 0xFF, 0xFF, 0xFF, 0xFF, 0xFF,
  0xFF, 0xFF, 0xFF, 0xFF, 0xFF, 0xFF, 0xFF, 0xFF, 0xFF, 0xFF, 0xFF, 0xFF,
  0xFF, 0xFF, 0xFF, 0xFF, 0xFF, 0xFF, 0xFF, 0xFF, 0xFF, 0xFF, 0xFF, 0xFF,
  0xFF, 0xFF, 0xFF, 0xFF, 0xFF, 0xFF, 0xFF, 0xFF, 0xFF, 0xFF, 0xFF, 0xFF,
  0xFF, 0xFF, 0xFF, 0xFF, 0xFF, 0xFF, 0xFF, 0xFF, 0xFF, 0xFF, 0xFF, 0xFF,
  0xFF, 0xFF, 0xFF, 0xFF, 0xFF, 0xFF, 0xFF, 0xFF, 0xFF, 0xFF, 0xFF, 0xFF,
  0xFF, 0xFF, 0xFF, 0xFF, 0xFF, 0xFF, 0xFF, 0xFF, 0xFF, 0xFF, 0xFF, 0xFF,
  0xFF, 0xFF, 0xFF, 0xFF, 0xFF, 0xFF, 0xFF, 0xFF, 0xFF, 0xFF, 0xFF, 0xFF,
  0xFF, 0xFF, 0xFF, 0xFF, 0xFF, 0xFF, 0xFF, 0xFF, 0xFF, 0xFF, 0xFF, 0xFF,
  0xFF, 0xFF, 0xFF, 0xFF, 0xFF, 0xFF, 0xFF, 0xFF, 0xFF, 0xFF, 0xFF, 0xFF,
  0xFF, 0xFF, 0xFF, 0xFF, 0xFF, 0xFF, 0xFF, 0xFF, 0xFF, 0xFF, 0xFF, 0xFF,
  0xFF, 0xFF, 0xFF, 0xFF, 0xFF, 0xFF, 0xFF, 0xFF, 0xFF, 0xFF, 0xFF, 0xFF,
  0xFF, 0xFF, 0xFF, 0xFF, 0xFF, 0xFF, 0xFF, 0xFF, 0xFF, 0xFF, 0xFF, 0xFF,
  0xFF, 0xFF, 0xFF, 0xFF, 0xFF, 0xFF, 0xFF, 0xFF, 0xFF, 0xFF, 0xFF, 0xFF,
  0xFF, 0xFF, 0xFF, 0xFF, 0xFF, 0xFF, 0xFF, 0xFF, 0xFF, 0xFF, 0xFF, 0xFF,
  0xFF, 0xFF, 0xFF, 0xFF, 0xFF, 0xFF, 0xFF, 0xFF, 0xFF, 0xFF, 0xFF, 0xFF,
  0xFF, 0xFF, 0xFF, 0xFF, 0xFF, 0xFF, 0xFF, 0xFF, 0xFF, 0xFF, 0xFF, 0xFF,
  0xFF, 0xFF, 0xFF, 0xFF, 0xFF, 0xFF, 0xFF, 0xFF, 0xFF, 0xFF, 0xFF, 0xFF,
  0xFF, 0xFF, 0xFF, 0xFF, 0xFF, 0xFF, 0xFF, 0xFF, 0xFF, 0xFF, 0xFF, 0xFF,
  0xFF, 0xFF, 0xFF, 0xFF, 0xFF, 0xFF, 0xFF, 0xFF, 0xFF, 0xFF, 0xFF, 0xFF,
  0xFF, 0xFF, 0xFF, 0xFF, 0xFF, 0xFF, 0xFF, 0xFF, 0xFF, 0xFF, 0xFF, 0xFF,
  0xFF, 0xFF, 0xFF, 0xFF, 0xFF, 0xFF, 0xFF, 0xFF, 0xFF, 0xFF, 0xFF, 0xFF,
  0xFF, 0xFF, 0xFF, 0xFF, 0xFF, 0xFF, 0xFF, 0xFF, 0xFF, 0xFF, 0xFF, 0xFF,
  0xFF, 0xFF, 0xFF, 0xFF, 0xFF, 0xFF, 0xFF, 0xFF, 0xFF, 0xFF, 0xFF, 0xFF,
  0xFF, 0xFF, 0xFF, 0xFF, 0xFF, 0xFF, 0xFF, 0xFF, 0xFF, 0xFF, 0xFF, 0xFF,
  0xFF, 0xFF, 0xFF, 0xFF, 0xFF, 0xFF, 0xFF, 0xFF, 0xFF, 0xFF, 0xFF, 0xFF,
  0xFF, 0xFF, 0xFF, 0xFF, 0xFF, 0xFF, 0xFF, 0xFF, 0xFF, 0xFF, 0xFF, 0xFF,
  0xFF, 0xFF, 0xFF, 0xFF, 0xFF, 0xFF, 0xFF, 0xFF, 0xFF, 0xFF, 0xFF, 0xFF,
  0xFF, 0xFF, 0xFF, 0xFF, 0xFF, 0xFF, 0xFF, 0xFF, 0xFF, 0xFF, 0xFF, 0xFF,
  0xFF, 0xFF, 0xFF, 0xFF, 0xFF, 0xFF, 0xFF, 0xFF, 0xFF, 0xFF, 0xFF, 0xFF,
  0xFF, 0xFF, 0xFF, 0xFF, 0xFF, 0xFF, 0xFF, 0xFF, 0xFF, 0xFF, 0xFF, 0xFF,
  0xFF, 0xFF, 0xFF, 0xFF, 0xFF, 0xFF, 0xFF, 0xFF, 0xFF, 0xFF, 0xFF, 0xFF,
  0xFF, 0xFF, 0xFF, 0xFF, 0xFF, 0xFF, 0xFF, 0xFF, 0xFF, 0xFF, 0xFF, 0xFF,
  0xFF, 0xFF, 0xFF, 0xFF, 0xFF, 0xFF, 0xFF, 0xFF, 0xFF, 0xFF, 0xFF, 0xFF,
  0xFF, 0xFF, 0xFF, 0xFF, 0xFF, 0xFF, 0xFF, 0xFF, 0xFF, 0xFF, 0xFF, 0xFF,
  0xFF, 0xFF, 0xFF, 0xFF, 0xFF, 0xFF, 0xFF, 0xFF, 0xFF, 0xFF, 0xFF, 0xFF,
  0xFF, 0xFF, 0xFF, 0xFF, 0xFF, 0xFF, 0xFF, 0xFF, 0xFF, 0xFF, 0xFF, 0xFF,
  0xFF, 0xFF, 0xFF, 0xFF, 0xFF, 0xFF, 0xFF, 0xFF, 0xFF, 0xFF, 0xFF, 0xFF,
  0xFF, 0xFF, 0xFF, 0xFF, 0xFF, 0xFF, 0xFF, 0xFF, 0xFF, 0xFF, 0xFF, 0xFF,
  0xFF, 0xFF, 0xFF, 0xFF, 0xFF, 0xFF, 0xFF, 0xFF, 0xFF, 0xFF, 0xFF, 0xFF,
  0xFF, 0xFF, 0xFF, 0xFF, 0xFF, 0xFF, 0xFF, 0xFF, 0xFF, 0xFF, 0xFF, 0xFF,
  0xFF, 0xFF, 0xFF, 0xFF, 0xFF, 0xFF, 0xFF, 0xFF, 0xFF, 0xFF, 0xFF, 0xFF,
  0xFF, 0xFF, 0xFF, 0xFF, 0xFF, 0xFF, 0xFF, 0xFF, 0xFF, 0xFF, 0xFF, 0xFF,
  0xFF, 0xFF, 0xFF, 0xFF, 0xFF, 0xFF, 0xFF, 0xFF, 0xFF, 0xFF, 0xFF, 0xFF,
  0xFF, 0xFF, 0xFF, 0xFF, 0xFF, 0xFF, 0xFF, 0xFF, 0xFF, 0xFF, 0xFF, 0xFF,
  0xFF, 0xFF, 0xFF, 0xFF, 0xFF, 0xFF, 0xFF, 0xFF, 0xFF, 0xFF, 0xFF, 0xFF,
  0xFF, 0xFF, 0xFF, 0xFF, 0xFF, 0xFF, 0xFF, 0xFF, 0xFF, 0x00, 0x00, 0x00,
  0x00, 0x00, 0x00, 0x00, 0x00, 0x00, 0x00, 0x00, 0x00, 0x00, 0x00, 0x00,
};


const uint8_t ballFrame8[] = {
  0xFF, 0xFF, 0xFF, 0xFF, 0xFF, 0xFF, 0xFF, 0xFF, 0xFF, 0xFF, 0xFF, 0xFF,
  0xFF, 0xFF, 0xFF, 0xFF, 0xFF, 0xFF, 0xFF, 0xFF, 0xFF, 0xFF, 0xFF, 0xFF,
  0xFF, 0xFF, 0xFF, 0xFF, 0xFF, 0xFF, 0xFF, 0xFF, 0xFF, 0xFF, 0xFF, 0xFF,
  0xFF, 0xFF, 0xFF, 0xFF, 0xFF, 0xFF, 0xFF, 0xFF, 0xFF, 0xFF, 0xFF, 0xFF,
  0xFF, 0xFF, 0xFF, 0xFF, 0xFF, 0xFF, 0xFF, 0xFF, 0xFF, 0xFF, 0xFF, 0xFF,
  0xFF, 0xFF, 0xFF, 0xFF, 0xFF, 0xFF, 0xFF, 0xFF, 0xFF, 0xFF, 0xFF, 0xFF,
  0xFF, 0xFF, 0xFF, 0xFF, 0xFF, 0xFF, 0xFF, 0xFF, 0xFF, 0xFF, 0xFF, 0xFF,
  0xFF, 0xFF, 0xFF, 0xFF, 0xFF, 0xFF, 0xFF, 0xFF, 0xFF, 0xFF, 0xFF, 0xFF,
  0xFF, 0xFF, 0xFF, 0xFF, 0xFF, 0xFF, 0xFF, 0xFF, 0xFF, 0xFF, 0xFF, 0xFF,
  0xFF, 0xFF, 0xFF, 0xFF, 0xFF, 0xFF, 0xFF, 0xFF, 0xFF, 0xFF, 0xFF, 0xFF,
  0xFF, 0xFF, 0xFF, 0xFF, 0xFF, 0xFF, 0xFF, 0xFF, 0xFF, 0xFF, 0xFF, 0xFF,
  0xFF, 0xFF, 0xFF, 0xFF, 0xFF, 0xFF, 0xFF, 0xFF, 0xFF, 0xFF, 0xFF, 0xFF,
  0xFF, 0xFF, 0xFF, 0xFF, 0xFF, 0xFF, 0xFF, 0xFF, 0xFF, 0xFF, 0xFF, 0xFF,
  0xFF, 0xFF, 0xFF, 0xFF, 0xFF, 0xFF, 0xFF, 0xFF, 0xFF, 0xFF, 0xFF, 0xFF,
  0xFF, 0xFF, 0xFF, 0xFF, 0xFF, 0xFF, 0xFF, 0xFF, 0xFF, 0xFF, 0xFF, 0xFF,
  0xFF, 0xFF, 0xFF, 0xFF, 0xFF, 0xFF, 0xFF, 0xFF, 0xFF, 0xFF, 0xFF, 0xFF,
  0xFF, 0xFF, 0xFF, 0xFF, 0xFF, 0xFF, 0xFF, 0xFF, 0xFF, 0xFF, 0xFF, 0xFF,
  0xFF, 0xFF, 0xFE, 0x03, 0xFF, 0xFF, 0xFF, 0xFF, 0xFF, 0xFF, 0xFF, 0xFF,
  0xFF, 0xFF, 0xFF, 0xFF, 0xFF, 0xF8, 0x00, 0xFF, 0xFF, 0xFF, 0xFF, 0xFF,
  0xFF, 0xFF, 0xFF, 0xFF, 0xFF, 0xFF, 0xFF, 0xFF, 0xF0, 0x00, 0x7F, 0xFF,
  0xFF, 0xFF, 0xFF, 0xFF, 0xFF, 0xFF, 0xFF, 0xFF, 0xFF, 0xFF, 0xFF, 0xE0,
  0x00, 0x3F, 0xFF, 0xFF, 0xFF, 0xFF, 0xFF, 0xFF, 0xFF, 0xFF, 0xFF, 0xFF,
  0xFF, 0xFF, 0xC0, 0x00, 0x1F, 0xFF, 0xFF, 0xFF, 0xFF, 0xFF, 0xFF, 0xFF,
  0xFF, 0xFF, 0xFF, 0xFF, 0xFF, 0x80, 0x00, 0x0F, 0xFF, 0xFF, 0xFF, 0xFF,
  0xFF, 0xFF, 0xFF, 0xFF, 0xFF, 0xFF, 0xFF, 0xFF, 0x80, 0x00, 0x0F, 0xFF,
  0xFF, 0xFF, 0xFF, 0xFF, 0xFF, 0xFF, 0xFF, 0xFF, 0xFF, 0xFF, 0xFF, 0x00,
  0x00, 0x07, 0xFF, 0xFF, 0xFF, 0xFF, 0xFF, 0xFF, 0xFF, 0xFF, 0xFF, 0xFF,
  0xFF, 0xFF, 0x00, 0x00, 0x07, 0xFF, 0xFF, 0xFF, 0xFF, 0xFF, 0xFF, 0xFF,
  0xFF, 0xFF, 0xFF, 0xFF, 0xFF, 0x00, 0x00, 0x07, 0xFF, 0xFF, 0xFF, 0xFF,
  0xFF, 0xFF, 0xFF, 0xFF, 0xFF, 0xFF, 0xFF, 0xFF, 0x00, 0x00, 0x07, 0xFF,
  0xFF, 0xFF, 0xFF, 0xFF, 0xFF, 0xFF, 0xFF, 0xFF, 0xFF, 0xFF, 0xFF, 0x00,
  0x00, 0x07, 0xFF, 0xFF, 0xFF, 0xFF, 0xFF, 0xFF, 0xFF, 0xFF, 0xFF, 0xFF,
  0xFF, 0xFF, 0x00, 0x00, 0x07, 0xFF, 0xFF, 0xFF, 0xFF, 0xFF, 0xFF, 0xFF,
  0xFF, 0xFF, 0xFF, 0xFF, 0xFF, 0x00, 0x00, 0x07, 0xFF, 0xFF, 0xFF, 0xFF,
  0xFF, 0xFF, 0xFF, 0xFF, 0xFF, 0xFF, 0xFF, 0xFF, 0x80, 0x00, 0x0F, 0xFF,
  0xFF, 0xFF, 0xFF, 0xFF, 0xFF, 0xFF, 0xFF, 0xFF, 0xFF, 0xFF, 0xFF, 0x80,
  0x00, 0x0F, 0xFF, 0xFF, 0xFF, 0xFF, 0xFF, 0xFF, 0xFF, 0xFF, 0xFF, 0xFF,
  0xFF, 0xFF, 0xC0, 0x00, 0x1F, 0xFF, 0xFF, 0xFF, 0xFF, 0xFF, 0xFF, 0xFF,
  0xFF, 0xFF, 0xFF, 0xFF, 0xFF, 0xE0, 0x00, 0x3F, 0xFF, 0xFF, 0xFF, 0xFF,
  0xFF, 0xFF, 0xFF, 0xFF, 0xFF, 0xFF, 0xFF, 0xFF, 0xF0, 0x00, 0x7F, 0xFF,
  0xFF, 0xFF, 0xFF, 0xFF, 0xFF, 0xFF, 0xFF, 0xFF, 0xFF, 0xFF, 0xFF, 0xF8,
  0x00, 0xFF, 0xFF, 0xFF, 0xFF, 0xFF, 0xFF, 0xFF, 0xFF, 0xFF, 0xFF, 0xFF,
  0xFF, 0xFF, 0xFE, 0x03, 0xFF, 0xFF, 0xFF, 0xFF, 0xFF, 0xFF, 0xFF, 0xFF,
  0xFF, 0xFF, 0xFF, 0xFF, 0xFF, 0xFF, 0xFF, 0xFF, 0xFF, 0xFF, 0xFF, 0xFF,
  0xFF, 0xFF, 0xFF, 0xFF, 0xFF, 0xFF, 0xFF, 0xFF, 0xFF, 0xFF, 0xFF, 0xFF,
  0xFF, 0xFF, 0xFF, 0xFF, 0xFF, 0xFF, 0xFF, 0xFF, 0xFF, 0xFF, 0xFF, 0xFF,
  0xFF, 0xFF, 0xFF, 0xFF, 0xFF, 0xFF, 0xFF, 0xFF, 0xFF, 0xFF, 0xFF, 0xFF,
  0xFF, 0xFF, 0xFF, 0xFF, 0xFF, 0xFF, 0xFF, 0xFF, 0xFF, 0xFF, 0xFF, 0xFF,
  0xFF, 0xFF, 0xFF, 0xFF, 0xFF, 0xFF, 0xFF, 0xFF, 0xFF, 0xFF, 0xFF, 0xFF,
  0xFF, 0xFF, 0xFF, 0xFF, 0xFF, 0xFF, 0xFF, 0xFF, 0xFF, 0xFF, 0xFF, 0xFF,
  0xFF, 0xFF, 0xFF, 0xFF, 0xFF, 0xFF, 0xFF, 0xFF, 0xFF, 0xFF, 0xFF, 0xFF,
  0xFF, 0xFF, 0xFF, 0xFF, 0xFF, 0xFF, 0xFF, 0xFF, 0xFF, 0xFF, 0xFF, 0xFF,
  0xFF, 0xFF, 0xFF, 0xFF, 0xFF, 0xFF, 0xFF, 0xFF, 0xFF, 0xFF, 0xFF, 0xFF,
  0xFF, 0xFF, 0xFF, 0xFF, 0xFF, 0xFF, 0xFF, 0xFF, 0xFF, 0xFF, 0xFF, 0xFF,
  0xFF, 0xFF, 0xFF, 0xFF, 0xFF, 0xFF, 0xFF, 0xFF, 0xFF, 0xFF, 0xFF, 0xFF,
  0xFF, 0xFF, 0xFF, 0xFF, 0xFF, 0xFF, 0xFF, 0xFF, 0xFF, 0xFF, 0xFF, 0xFF,
  0xFF, 0xFF, 0xFF, 0xFF, 0xFF, 0xFF, 0xFF, 0xFF, 0xFF, 0xFF, 0xFF, 0xFF,
  0xFF, 0xFF, 0xFF, 0xFF, 0xFF, 0xFF, 0xFF, 0xFF, 0xFF, 0xFF, 0xFF, 0xFF,
  0xFF, 0xFF, 0xFF, 0xFF, 0xFF, 0xFF, 0xFF, 0xFF, 0xFF, 0xFF, 0xFF, 0xFF,
  0xFF, 0xFF, 0xFF, 0xFF, 0xFF, 0xFF, 0xFF, 0xFF, 0xFF, 0xFF, 0xFF, 0xFF,
  0xFF, 0xFF, 0xFF, 0xFF, 0xFF, 0xFF, 0xFF, 0xFF, 0xFF, 0xFF, 0xFF, 0xFF,
  0xFF, 0xFF, 0xFF, 0xFF, 0xFF, 0xFF, 0xFF, 0xFF, 0xFF, 0xFF, 0xFF, 0xFF,
  0xFF, 0xFF, 0xFF, 0xFF, 0xFF, 0xFF, 0xFF, 0xFF, 0xFF, 0xFF, 0xFF, 0xFF,
  0xFF, 0xFF, 0xFF, 0xFF, 0xFF, 0xFF, 0xFF, 0xFF, 0xFF, 0xFF, 0xFF, 0xFF,
  0xFF, 0xFF, 0xFF, 0xFF, 0xFF, 0xFF, 0xFF, 0xFF, 0xFF, 0xFF, 0xFF, 0xFF,
  0xFF, 0xFF, 0xFF, 0xFF, 0xFF, 0xFF, 0xFF, 0xFF, 0xFF, 0xFF, 0xFF, 0xFF,
  0xFF, 0xFF, 0xFF, 0xFF, 0xFF, 0xFF, 0xFF, 0xFF, 0xFF, 0xFF, 0xFF, 0xFF,
  0xFF, 0xFF, 0xFF, 0xFF, 0xFF, 0xFF, 0xFF, 0xFF, 0xFF, 0xFF, 0xFF, 0xFF,
  0xFF, 0xFF, 0xFF, 0xFF, 0xFF, 0xFF, 0xFF, 0xFF, 0xFF, 0xFF, 0xFF, 0xFF,
  0xFF, 0xFF, 0xFF, 0xFF, 0xFF, 0xFF, 0xFF, 0xFF, 0xFF, 0xFF, 0xFF, 0xFF,
  0xFF, 0xFF, 0xFF, 0xFF, 0xFF, 0xFF, 0xFF, 0xFF, 0xFF, 0xFF, 0xFF, 0xFF,
  0xFF, 0xFF, 0xFF, 0xFF, 0xFF, 0xFF, 0xFF, 0xFF, 0xFF, 0xFF, 0xFF, 0xFF,
  0xFF, 0xFF, 0xFF, 0xFF, 0xFF, 0xFF, 0xFF, 0xFF, 0xFF, 0xFF, 0xFF, 0xFF,
  0xFF, 0xFF, 0xFF, 0xFF, 0xFF, 0xFF, 0xFF, 0xFF, 0xFF, 0x00, 0x00, 0x00,
  0x00, 0x00, 0x00, 0x00, 0x00, 0x00, 0x00, 0x00, 0x00, 0x00, 0x00, 0x00,
};



const uint8_t ballFrame9[]  = {
  0xFF, 0xFF, 0xFF, 0xFF, 0xFF, 0xFF, 0xFF, 0xFF, 0xFF, 0xFF, 0xFF, 0xFF,
  0xFF, 0xFF, 0xFF, 0xFF, 0xFF, 0xFF, 0xFF, 0xFF, 0xFF, 0xFF, 0xFF, 0xFF,
  0xFF, 0xFF, 0xFF, 0xFF, 0xFF, 0xFF, 0xFF, 0xFF, 0xFF, 0xFF, 0xFF, 0xFF,
  0xFF, 0xFF, 0xFF, 0xFF, 0xFF, 0xFF, 0xFF, 0xFF, 0xFF, 0xFF, 0xFF, 0xFF,
  0xFF, 0xFF, 0xFF, 0xFF, 0xFF, 0xFF, 0xFF, 0xFF, 0xFF, 0xFF, 0xFF, 0xFF,
  0xFF, 0xFF, 0xFF, 0xFF, 0xFF, 0xFF, 0xFF, 0xFF, 0xFF, 0xFF, 0xFF, 0xFF,
  0xFF, 0xFF, 0xFF, 0xFF, 0xFF, 0xFF, 0xFF, 0xFF, 0xFF, 0xFF, 0xFF, 0xFF,
  0xFF, 0xFF, 0xFF, 0xFF, 0xFF, 0xFF, 0xFF, 0xFF, 0xFF, 0xFF, 0xFF, 0xFF,
  0xFF, 0xFF, 0xFF, 0xFF, 0xFF, 0xFF, 0xFF, 0xFF, 0xFF, 0xFF, 0xFF, 0xFF,
  0xFF, 0xFF, 0xFF, 0xFF, 0xFF, 0xFF, 0xFF, 0xFF, 0xFF, 0xFF, 0xFF, 0xFF,
  0xFF, 0xFF, 0xFF, 0xFF, 0xFF, 0xFF, 0xFF, 0xFF, 0xFF, 0xFF, 0xFF, 0xFF,
  0xFF, 0xFF, 0xFF, 0xFF, 0xFF, 0xFF, 0xFF, 0xFF, 0xFF, 0xFF, 0xFF, 0xFF,
  0xFF, 0xFF, 0xFF, 0xFF, 0xFF, 0xFF, 0xFF, 0xFF, 0xFF, 0xFF, 0xFF, 0xFF,
  0xFF, 0xFF, 0xFF, 0xFF, 0xFF, 0xFF, 0xFF, 0xFF, 0xFF, 0xFF, 0xFF, 0xFF,
  0xFF, 0xFF, 0xFF, 0xFF, 0xFF, 0xFF, 0xFF, 0xFF, 0xFF, 0xFF, 0xFF, 0xFF,
  0xFF, 0xFF, 0xFF, 0xFF, 0xFF, 0xFF, 0xFF, 0xFF, 0xFF, 0xFF, 0xFF, 0xFF,
  0xFF, 0xFF, 0xFF, 0xFF, 0xFF, 0xFF, 0xFF, 0xFF, 0xFF, 0xFF, 0xFF, 0xFF,
  0xFF, 0xFF, 0xFF, 0xFF, 0xFF, 0xFF, 0xFF, 0xFF, 0xFF, 0xFF, 0xFF, 0xFF,
  0xFF, 0xFF, 0xFF, 0xFF, 0xFF, 0xFF, 0xFF, 0xFF, 0xFF, 0xFF, 0xFF, 0xFF,
  0xFF, 0xFF, 0xFF, 0xFF, 0xFF, 0xFF, 0xFF, 0xFF, 0xFF, 0xFF, 0xFF, 0xFF,
  0xFF, 0xFF, 0xFF, 0xFF, 0xFF, 0xFF, 0xFF, 0xFF, 0xFF, 0xFF, 0xFF, 0xFF,
  0xFF, 0xFF, 0xFF, 0xFF, 0xFF, 0xFF, 0xFF, 0xFF, 0xFF, 0xFF, 0xFF, 0xFF,
  0xFF, 0xFF, 0xFF, 0xFF, 0xFF, 0xFF, 0xFF, 0xFF, 0xFF, 0xFF, 0xFF, 0xFF,
  0xFF, 0xFF, 0xFF, 0xFF, 0xFF, 0xFF, 0xFF, 0xFF, 0xFF, 0xFF, 0xFF, 0xFF,
  0xFF, 0xFF, 0xFF, 0xFF, 0xFF, 0xFF, 0xFF, 0xFF, 0xFF, 0xFF, 0xFF, 0xFF,
  0xFF, 0xFF, 0xFF, 0xFF, 0xFF, 0xFF, 0xFF, 0xFF, 0xFF, 0xFF, 0xFF, 0xFF,
  0xFF, 0xFF, 0xFF, 0xFF, 0xFF, 0xFF, 0xFF, 0xFF, 0xFF, 0xFF, 0xFF, 0xFF,
  0xFF, 0xFF, 0xFF, 0xFF, 0xFF, 0xFF, 0xFF, 0xFF, 0xFF, 0xFF, 0xFF, 0xFF,
  0xFF, 0xFF, 0xFF, 0xFF, 0xFF, 0xFF, 0xFF, 0xFF, 0xFF, 0xFF, 0xFF, 0xFF,
  0xFF, 0xFF, 0xFF, 0xFF, 0xFF, 0xFF, 0xFF, 0xFF, 0xFF, 0xFF, 0xFF, 0xFF,
  0xFF, 0xFF, 0xFF, 0xFF, 0xFF, 0xFF, 0xFF, 0xFF, 0xFF, 0xFF, 0xFF, 0xFF,
  0xFF, 0xFF, 0xFF, 0xFF, 0xFF, 0xFF, 0xFF, 0xFF, 0xFF, 0xFF, 0xFF, 0xFF,
  0xFF, 0xFF, 0xFF, 0xFF, 0xFF, 0xFF, 0xFF, 0xFF, 0xFF, 0xFF, 0xFF, 0xFF,
  0xFF, 0xFF, 0xFF, 0xFF, 0xFF, 0xFF, 0xFF, 0xFF, 0xFF, 0xFF, 0xFF, 0xFF,
  0xFF, 0xFF, 0xFF, 0xFF, 0xFF, 0xFF, 0xFF, 0xFF, 0xFF, 0xFF, 0xFF, 0xFF,
  0xFF, 0xFF, 0xFF, 0xFF, 0xFF, 0xFF, 0xFF, 0xFF, 0xFF, 0xFF, 0xFF, 0xFF,
  0xFF, 0xFF, 0xFF, 0xFF, 0xFF, 0xFF, 0xFF, 0xFF, 0xFF, 0xFF, 0xFF, 0xFF,
  0xFF, 0xFF, 0xFF, 0xFF, 0xFF, 0xFF, 0xFF, 0xFF, 0xFF, 0xFF, 0xFF, 0xFF,
  0xFF, 0xFF, 0xFF, 0xFF, 0xFF, 0xFF, 0xFF, 0xFF, 0xFF, 0xFF, 0xFF, 0xFF,
  0xFF, 0xFF, 0xFF, 0xFF, 0xFF, 0xFF, 0xFF, 0xFF, 0xFF, 0xFF, 0xFF, 0xFF,
  0xFF, 0xFF, 0xFF, 0xFF, 0xFF, 0xFF, 0xFF, 0xFF, 0xFF, 0xFF, 0xFF, 0xFF,
  0xFF, 0xFF, 0xFF, 0xFF, 0xFF, 0xFF, 0xFF, 0xFF, 0xFF, 0xFF, 0xFF, 0xFF,
  0xFF, 0xFF, 0xFF, 0xFF, 0xFF, 0xFF, 0xFF, 0xFF, 0xFF, 0xFF, 0xFF, 0xFF,
  0xFF, 0xFF, 0xFF, 0xFF, 0xFF, 0xFF, 0xFF, 0xFF, 0xFF, 0xFF, 0xFF, 0xFF,
  0xFF, 0xFF, 0xFF, 0xFF, 0xFF, 0xFF, 0xFF, 0xFF, 0xFF, 0xFF, 0xFF, 0xFF,
  0xFF, 0xFF, 0xFF, 0xFF, 0xFF, 0xFF, 0xFF, 0xFF, 0xFF, 0xFF, 0xFF, 0xFF,
  0xFF, 0xFF, 0xFF, 0xFF, 0xFF, 0xFF, 0xFF, 0xFF, 0xFF, 0xFF, 0xFF, 0xFF,
  0xFF, 0xFF, 0xFF, 0xFF, 0xFF, 0xFF, 0xFF, 0xFF, 0xFF, 0xFF, 0xFF, 0xFF,
  0xFF, 0xFF, 0xFF, 0xFF, 0xFF, 0xFF, 0xFF, 0xE0, 0x3F, 0xFF, 0xFF, 0xFF,
  0xFF, 0xFF, 0xFF, 0xFF, 0xFF, 0xFF, 0xFF, 0xFF, 0xFF, 0xFF, 0x80, 0x0F,
  0xFF, 0xFF, 0xFF, 0xFF, 0xFF, 0xFF, 0xFF, 0xFF, 0xFF, 0xFF, 0xFF, 0xFF,
  0xFF, 0x00, 0x07, 0xFF, 0xFF, 0xFF, 0xFF, 0xFF, 0xFF, 0xFF, 0xFF, 0xFF,
  0xFF, 0xFF, 0xFF, 0xFE, 0x00, 0x03, 0xFF, 0xFF, 0xFF, 0xFF, 0xFF, 0xFF,
  0xFF, 0xFF, 0xFF, 0xFF, 0xFF, 0xFF, 0xFC, 0x00, 0x01, 0xFF, 0xFF, 0xFF,
  0xFF, 0xFF, 0xFF, 0xFF, 0xFF, 0xFF, 0xFF, 0xFF, 0xFF, 0xF8, 0x00, 0x00,
  0xFF, 0xFF, 0xFF, 0xFF, 0xFF, 0xFF, 0xFF, 0xFF, 0xFF, 0xFF, 0xFF, 0xFF,
  0xF8, 0x00, 0x00, 0xFF, 0xFF, 0xFF, 0xFF, 0xFF, 0xFF, 0xFF, 0xFF, 0xFF,
  0xFF, 0xFF, 0xFF, 0xF0, 0x00, 0x00, 0xFF, 0xFF, 0xFF, 0xFF, 0xFF, 0xFF,
  0xFF, 0xFF, 0xFF, 0xFF, 0xFF, 0xFF, 0xF0, 0x00, 0x00, 0xFF, 0xFF, 0xFF,
  0xFF, 0xFF, 0xFF, 0xFF, 0xFF, 0xFF, 0xFF, 0xFF, 0xFF, 0xF0, 0x00, 0x00,
  0xFF, 0xFF, 0xFF, 0xFF, 0xFF, 0xFF, 0xFF, 0xFF, 0xFF, 0xFF, 0xFF, 0xFF,
  0xF0, 0x00, 0x00, 0xFF, 0xFF, 0xFF, 0xFF, 0xFF, 0xFF, 0xFF, 0xFF, 0xFF,
  0xFF, 0xFF, 0xFF, 0xF0, 0x00, 0x00, 0xFF, 0xFF, 0xFF, 0xFF, 0xFF, 0xFF,
  0xFF, 0xFF, 0xFF, 0xFF, 0xFF, 0xFF, 0xF0, 0x00, 0x00, 0xFF, 0xFF, 0xFF,
  0xFF, 0xFF, 0xFF, 0xFF, 0xFF, 0xFF, 0xFF, 0xFF, 0xFF, 0xF0, 0x00, 0x00,
  0xFF, 0xFF, 0xFF, 0xFF, 0xFF, 0xFF, 0xFF, 0xFF, 0xFF, 0xFF, 0xFF, 0xFF,
  0xF8, 0x00, 0x00, 0xFF, 0xFF, 0xFF, 0xFF, 0xFF, 0xFF, 0xFF, 0xFF, 0xFF,
  0xFF, 0xFF, 0xFF, 0xF8, 0x00, 0x00, 0xFF, 0xFF, 0xFF, 0xFF, 0xFF, 0xFF,
  0xFF, 0xFF, 0xFF, 0xFF, 0xFF, 0xFF, 0xFC, 0x00, 0x01, 0xFF, 0xFF, 0xFF,
  0xFF, 0xFF, 0xFF, 0xFF, 0xFF, 0xFF, 0xFF, 0xFF, 0xFF, 0xFE, 0x00, 0x03,
  0xFF, 0xFF, 0xFF, 0xFF, 0xFF, 0xFF, 0xFF, 0xFF, 0xFF, 0xFF, 0xFF, 0xFF,
  0xFF, 0x00, 0x07, 0xFF, 0xFF, 0xFF, 0xFF, 0xFF, 0xFF, 0xFF, 0xFF, 0xFF,
  0xFF, 0xFF, 0xFF, 0xFF, 0x80, 0x0F, 0xFF, 0xFF, 0xFF, 0xFF, 0xFF, 0xFF,
  0xFF, 0xFF, 0xFF, 0xFF, 0xFF, 0xFF, 0xFF, 0xE0, 0x3F, 0x00, 0x00, 0x00,
  0x00, 0x00, 0x00, 0x00, 0x00, 0x00, 0x00, 0x00, 0x00, 0x00, 0x00, 0x00,
};
//create an array of pointers to store frames
const uint8_t* ballFrames[] = {

		ballFrame0,
		ballFrame1,
		ballFrame2,
		ballFrame3,
		ballFrame4,
		ballFrame5,
		ballFrame6,
		ballFrame7,
		ballFrame8,
		ballFrame9

};


// Tuttu: 60x64

const uint8_t tuttu_bitmap_60x64[]  = {
		0xFF, 0xFF, 0xFF, 0xFF, 0xFF, 0xFF, 0xFF, 0xF0, 0xFF, 0xFF, 0xFF, 0xFF,
		  0xFF, 0xFF, 0xFF, 0xF0, 0xFF, 0xFF, 0xFF, 0xFF, 0xFF, 0xFF, 0xFF, 0xF0,
		  0xFF, 0xFF, 0xFF, 0xFA, 0xFF, 0xFF, 0xFF, 0xF0, 0xFF, 0xFF, 0xFF, 0xEA,
		  0x3F, 0xFF, 0xFF, 0xF0, 0xFF, 0xFF, 0xFE, 0x95, 0x8F, 0xFF, 0xFF, 0xF0,
		  0xFF, 0xFF, 0xF5, 0x56, 0xD3, 0xFF, 0xFF, 0xF0, 0xFF, 0xFF, 0xDA, 0x55,
		  0x54, 0xBF, 0xFF, 0xF0, 0xFF, 0xFF, 0xAA, 0xAA, 0xA9, 0x2F, 0xFF, 0xF0,
		  0xFF, 0xFE, 0x55, 0x55, 0xA4, 0x17, 0xFF, 0xF0, 0xFF, 0xFD, 0xAA, 0xAA,
		  0x40, 0x81, 0xFF, 0xF0, 0xFF, 0xFD, 0x51, 0x2A, 0x82, 0x09, 0xFF, 0xF0,
		  0xFF, 0xFA, 0x82, 0x50, 0x50, 0x00, 0x7F, 0xF0, 0xFF, 0xF9, 0x08, 0x82,
		  0x00, 0x25, 0x3F, 0xF0, 0xFF, 0xF4, 0x20, 0x00, 0x00, 0x00, 0x1F, 0xF0,
		  0xFF, 0xF2, 0x10, 0x00, 0x48, 0x08, 0x1F, 0xF0, 0xFF, 0xE4, 0x40, 0x00,
		  0x01, 0x21, 0x1F, 0xF0, 0xFF, 0xE8, 0x00, 0x00, 0x00, 0x00, 0x5F, 0xF0,
		  0xFF, 0xE0, 0x00, 0x00, 0x00, 0x00, 0x0F, 0xF0, 0xFF, 0xC8, 0x80, 0x00,
		  0x00, 0x00, 0x27, 0xF0, 0xFF, 0xE4, 0x00, 0x00, 0x00, 0x12, 0x07, 0xF0,
		  0xFF, 0xC1, 0x00, 0x00, 0x00, 0x09, 0x03, 0xF0, 0xFF, 0xC8, 0x20, 0x00,
		  0x00, 0x00, 0x03, 0xF0, 0xFF, 0xC5, 0x00, 0x00, 0x00, 0x02, 0x03, 0xF0,
		  0xFF, 0xCA, 0x09, 0x00, 0x00, 0x00, 0x03, 0xF0, 0xFF, 0xC8, 0xB5, 0x52,
		  0x00, 0x00, 0x03, 0xF0, 0xFF, 0xCE, 0xDA, 0xA9, 0x50, 0x00, 0x07, 0xF0,
		  0xFF, 0x92, 0xAB, 0x55, 0x24, 0x00, 0x07, 0xF0, 0xFF, 0xCD, 0x55, 0x55,
		  0x49, 0x08, 0x07, 0xF0, 0xFF, 0x95, 0x6D, 0x54, 0x90, 0x20, 0x0F, 0xF0,
		  0xFF, 0xCA, 0xAA, 0xAA, 0x44, 0x80, 0x0F, 0xF0, 0xFF, 0x17, 0x6A, 0xA9,
		  0x50, 0x00, 0x1F, 0xF0, 0xFF, 0x59, 0xAB, 0x55, 0x02, 0x00, 0x1F, 0xF0,
		  0xFF, 0x14, 0x55, 0x52, 0xA8, 0xA0, 0x3F, 0xF0, 0xFF, 0xAA, 0x96, 0xA9,
		  0x00, 0x00, 0x3F, 0xF0, 0xFF, 0xB5, 0x15, 0x54, 0xA9, 0x20, 0x3F, 0xF0,
		  0xFF, 0xD0, 0x02, 0xA5, 0x10, 0x00, 0x7F, 0xF0, 0xFF, 0xDA, 0x09, 0x50,
		  0x84, 0xA0, 0x7F, 0xF0, 0xFF, 0xDA, 0x12, 0x84, 0x00, 0x00, 0x7F, 0xF0,
		  0xFF, 0xED, 0x25, 0x50, 0x10, 0xA0, 0xFF, 0xF0, 0xFF, 0xDA, 0x12, 0x80,
		  0x02, 0x20, 0x3F, 0xF0, 0xFF, 0xEF, 0xAD, 0xA0, 0x00, 0x82, 0x3F, 0xF0,
		  0xFF, 0xDA, 0xAB, 0x42, 0x21, 0x20, 0x7F, 0xF0, 0xFF, 0xED, 0xBD, 0x84,
		  0x20, 0x41, 0x7F, 0xF0, 0xFF, 0xF6, 0xD6, 0xA2, 0x8A, 0x20, 0xFF, 0xF0,
		  0xFF, 0xED, 0xBB, 0x49, 0x21, 0x43, 0xFF, 0xF0, 0xFF, 0xF6, 0xD6, 0x95,
		  0x54, 0x0B, 0xFF, 0xB0, 0xFF, 0xDB, 0x5F, 0x45, 0x02, 0xA7, 0xFF, 0xF0,
		  0xFF, 0xAD, 0x65, 0x25, 0x68, 0x8F, 0xFF, 0xF0, 0xFF, 0xAB, 0xB4, 0x92,
		  0x92, 0x0F, 0xFF, 0xF0, 0xFF, 0x2D, 0x5A, 0x05, 0x44, 0xAF, 0xFD, 0xF0,
		  0xFE, 0x95, 0x6B, 0x55, 0x51, 0x1F, 0xFF, 0xF0, 0xFA, 0x4A, 0x95, 0x2A,
		  0x0A, 0x2F, 0xEF, 0xF0, 0xFA, 0x95, 0x52, 0x15, 0x50, 0x37, 0xFF, 0xF0,
		  0x85, 0x92, 0xA8, 0x40, 0x84, 0x1B, 0xFF, 0xF0, 0x46, 0x00, 0xAA, 0x05,
		  0x20, 0x17, 0xBF, 0xF0, 0x85, 0x40, 0x5A, 0x90, 0x00, 0x1A, 0xFF, 0xF0,
		  0x0E, 0x00, 0x55, 0x4A, 0x80, 0x17, 0xFF, 0x70, 0x02, 0xA0, 0x2A, 0x20,
		  0x00, 0x2A, 0xFF, 0xF0, 0x02, 0x80, 0x0A, 0x80, 0x01, 0x15, 0x7F, 0xF0,
		  0x11, 0x00, 0x40, 0x00, 0x00, 0x4B, 0x5F, 0xF0, 0x42, 0x80, 0x2A, 0x00,
		  0x01, 0x2D, 0xBF, 0xF0, 0x05, 0x60, 0x01, 0x20, 0x0A, 0x92, 0x17, 0xF0,
		  0x05, 0x40, 0x14, 0x94, 0x11, 0x40, 0x4B, 0xB0,
};






